Trade_ID,Ticker,Status,Open_Date,Closed_Date,Shares,Avg_Entry,Avg_Exit,Total_Cost,Realized_PL,Unrealized_PL,Return_Pct,Buy_Rule,Sell_Rule,Notes,Amount,Value,Stop_Loss
2025-1,NVDA,CLOSED,2023-11-16 09:30:00,2025-01-29 16:00:00,652.0,110.44,125.34000000000002,72006.88,9714.800000000005,0.0,13.491488591090189,History,History,Imported,0.0,0.0,0.0
2025-2,PLTR,CLOSED,2024-08-08 09:30:00,2025-02-27 16:00:00,2282.0,65.16,74.58,148695.12,21496.44,0.0,14.456721915285453,History,History,Imported,0.0,0.0,0.0
2025-3,RDDT,CLOSED,2024-10-02 09:30:00,2025-02-20 16:00:00,886.0,133.5,152.62,118281.0,16940.320000000003,0.0,14.322097378277157,History,History,Imported,0.0,0.0,0.0
2025-4,DECK,CLOSED,2024-11-08 09:30:00,2025-01-31 16:00:00,150.0,180.85,182.84,27127.5,298.50000000000136,0.0,1.10035941387891,History,History,Imported,0.0,0.0,0.0
2025-5,ALAB,CLOSED,2024-11-13 09:30:00,2025-01-27 16:00:00,467.0,108.59,97.85,50711.53,-5015.5800000000045,0.0,-9.89041348190442,History,History,Imported,0.0,0.0,0.0
2025-6,NET,CLOSED,2025-01-02 09:30:00,2025-01-10 16:00:00,198.0,114.46,109.81999999999998,22663.08,-918.72,0.0,-4.053817927660319,History,History,Imported,0.0,0.0,0.0
2025-7,APP,CLOSED,2025-01-02 09:30:00,2025-01-07 16:00:00,66.0,339.75,327.52,22423.5,-807.1800000000012,0.0,-3.5997056659308373,History,History,Imported,0.0,0.0,0.0
2025-8,SPOT,CLOSED,2025-01-02 09:30:00,2025-02-03 16:00:00,67.0,469.52,531.57,31457.84,4157.350000000005,0.0,13.215624467541334,History,History,Imported,0.0,0.0,0.0
2025-9,IBKR,CLOSED,2025-01-02 09:30:00,2025-01-27 16:00:00,120.0,182.45,201.98,21894.0,2343.6000000000004,0.0,10.704302548643463,History,History,Imported,0.0,0.0,0.0
2025-10,GEV,CLOSED,2025-01-03 09:30:00,2025-01-27 16:00:00,75.0,351.4,356.86,26355.0,409.50000000000273,0.0,1.553784860557779,History,History,Imported,0.0,0.0,0.0
2025-11,MSTR,CLOSED,2025-01-03 09:30:00,2025-01-07 16:00:00,20.0,358.68,357.48,7173.6,-23.999999999999773,0.0,-0.3345600535296054,History,History,Imported,0.0,0.0,0.0
2025-12,ASAN,CLOSED,2025-01-08 09:30:00,2025-01-27 16:00:00,1098.0,19.49,20.05,21400.019999999997,614.8800000000025,0.0,2.873268342739878,History,History,Imported,0.0,0.0,0.0
2025-13,APP,CLOSED,2025-01-13 09:30:00,2025-01-27 16:00:00,66.0,315.14000000000004,337.03,20799.24,1444.739999999999,0.0,6.946119185124067,History,History,Imported,0.0,0.0,0.0
2025-14,CAVA,CLOSED,2025-01-14 09:30:00,2025-02-19 16:00:00,337.0,122.35,123.49,41231.95,384.1800000000002,0.0,0.9317531671434414,History,History,Imported,0.0,0.0,0.0
2025-15,KVYO,CLOSED,2025-01-14 09:30:00,2025-01-22 16:00:00,130.0,39.45,42.13,5128.5,348.4,0.0,6.793409378960709,History,History,Imported,0.0,0.0,0.0
2025-16,ISRG,CLOSED,2025-01-28 09:30:00,2025-01-31 16:00:00,26.0,572.67,573.26,14889.419999999998,15.340000000000828,0.0,0.1030261756334419,History,History,Imported,0.0,0.0,0.0
2025-17,GRMN,CLOSED,2025-01-28 09:30:00,2025-01-29 16:00:00,100.0,220.15,215.9,22015.0,-425.0,0.0,-1.9305019305019304,History,History,Imported,0.0,0.0,0.0
2025-18,LULU,CLOSED,2025-01-28 09:30:00,2025-02-03 16:00:00,52.0,412.67,403.41,21458.84,-481.5199999999995,0.0,-2.243923716286619,History,History,Imported,0.0,0.0,0.0
2025-19,DOCS,CLOSED,2025-01-28 09:30:00,2025-02-27 16:00:00,793.0,65.24,72.31,51735.31999999999,5606.510000000006,0.0,10.836909871244648,History,History,Imported,0.0,0.0,0.0
2025-20,SE,CLOSED,2025-01-28 09:30:00,2025-02-20 16:00:00,175.0,121.19,131.74,21208.25,1846.250000000002,0.0,8.705338724317198,History,History,Imported,0.0,0.0,0.0
2025-21,APP,CLOSED,2025-01-29 09:30:00,2025-02-20 16:00:00,88.0,390.2,427.96,34337.6,3322.879999999999,0.0,9.677088672475652,History,History,Imported,0.0,0.0,0.0
2025-22,XYZ,CLOSED,2025-01-29 09:30:00,2025-02-04 16:00:00,225.0,89.73,85.7,20189.25,-906.7500000000002,0.0,-4.491251532374903,History,History,Imported,0.0,0.0,0.0
2025-23,UAL,CLOSED,2025-01-29 09:30:00,2025-01-31 16:00:00,210.0,108.48,106.47,22780.8,-422.10000000000105,0.0,-1.8528761061946948,History,History,Imported,0.0,0.0,0.0
2025-24,SHOP,CLOSED,2025-01-30 09:30:00,2025-01-31 16:00:00,200.0,119.49,116.47,23898.0,-603.9999999999992,0.0,-2.52740815130973,History,History,Imported,0.0,0.0,0.0
2025-25,SNOW,CLOSED,2025-01-31 09:30:00,2025-02-05 16:00:00,120.0,185.50999999999996,183.73,22261.199999999997,-213.60000000000016,0.0,-0.9595170071694256,History,History,Imported,0.0,0.0,0.0
2025-26,NFLX,CLOSED,2025-02-03 09:30:00,2025-02-18 16:00:00,23.0,983.61,1035.18,22623.03,1186.110000000001,0.0,5.242931649739231,History,History,Imported,0.0,0.0,0.0
2025-27,COST,CLOSED,2025-02-03 09:30:00,2025-02-10 16:00:00,12.0,994.27,1049.91,11931.24,667.6800000000012,0.0,5.59606545505749,History,History,Imported,0.0,0.0,0.0
2025-28,IBKR,CLOSED,2025-02-03 09:30:00,2025-02-05 16:00:00,90.0,223.73,224.07,20135.7,30.600000000000307,0.0,0.151968891074064,History,History,Imported,0.0,0.0,0.0
2025-29,ISRG,CLOSED,2025-02-04 09:30:00,2025-02-05 16:00:00,36.0,591.3499999999999,588.21,21288.6,-113.03999999999952,0.0,-0.5309884163355013,History,History,Imported,0.0,0.0,0.0
2025-30,IOT,CLOSED,2025-02-05 09:30:00,2025-02-19 16:00:00,623.0,55.3,58.57999999999999,34451.9,2043.4400000000007,0.0,5.931283905967452,History,History,Imported,0.0,0.0,0.0
2025-31,AXON,CLOSED,2025-02-05 09:30:00,2025-02-10 16:00:00,33.0,678.93,675.0,22404.69,-129.68999999999835,0.0,-0.5788520171446173,History,History,Imported,0.0,0.0,0.0
2025-32,DUOL,CLOSED,2025-02-12 09:30:00,2025-02-18 16:00:00,45.0,386.0,428.8200000000001,17370.0,1926.8999999999996,0.0,11.093264248704662,History,History,Imported,0.0,0.0,0.0
2025-33,ARKK,CLOSED,2025-02-12 09:30:00,2025-02-19 16:00:00,540.0,62.56,67.13,33782.4,2467.7999999999965,0.0,7.304987212276204,History,History,Imported,0.0,0.0,0.0
2025-34,SHOP,CLOSED,2025-02-12 09:30:00,2025-02-18 16:00:00,144.0,122.0,126.92,17568.0,708.4800000000002,0.0,4.032786885245903,History,History,Imported,0.0,0.0,0.0
2025-35,SNOW,CLOSED,2025-02-12 09:30:00,2025-02-13 16:00:00,93.0,187.92,192.21000000000004,17476.559999999998,398.9700000000019,0.0,2.2828863346104837,History,History,Imported,0.0,0.0,0.0
2025-36,GTLB,CLOSED,2025-02-12 09:30:00,2025-02-13 16:00:00,246.0,70.32,70.52,17298.719999999998,49.2000000000007,0.0,0.2844141069397082,History,History,Imported,0.0,0.0,0.0
2025-37,AXON,CLOSED,2025-02-14 09:30:00,2025-02-19 16:00:00,54.0,675.09,669.9599999999999,36454.86,-277.01999999999975,0.0,-0.7598986801759758,History,History,Imported,0.0,0.0,0.0
2025-38,TWLO,CLOSED,2025-02-18 09:30:00,2025-02-19 16:00:00,154.0,125.43,120.4,19316.22,-774.6200000000001,0.0,-4.010204895160648,History,History,Imported,0.0,0.0,0.0
2025-39,META,CLOSED,2025-02-19 09:30:00,2025-02-20 16:00:00,51.0,699.14,696.95,35656.14,-111.689999999997,0.0,-0.3132419830076867,History,History,Imported,0.0,0.0,0.0
2025-40,ARKK,CLOSED,2025-02-19 09:30:00,2025-02-19 16:00:00,540.0,66.66,65.51,35996.4,-620.9999999999955,0.0,-1.7251725172517125,History,History,Imported,0.0,0.0,0.0
2025-41,PLTR,CLOSED,2025-02-20 09:30:00,2025-02-21 16:00:00,155.0,105.09,101.75,16288.95,-517.7000000000005,0.0,-3.178228185364929,History,History,Imported,0.0,0.0,0.0
2025-42,META,CLOSED,2025-02-25 09:30:00,2025-02-27 16:00:00,48.0,658.93,658.6999999999999,31628.64,-11.039999999995416,0.0,-0.0349050733765201,History,History,Imported,0.0,0.0,0.0
2025-43,NFLX,CLOSED,2025-02-25 09:30:00,2025-02-27 16:00:00,32.0,977.13,964.0,31268.16,-420.15999999999985,0.0,-1.343731130965173,History,History,Imported,0.0,0.0,0.0
2025-44,SPOT,CLOSED,2025-02-26 09:30:00,2025-02-27 16:00:00,52.0,605.43,592.25,31482.359999999997,-685.3599999999974,0.0,-2.176965132220067,History,History,Imported,0.0,0.0,0.0
2025-45,TQQQ,CLOSED,2025-02-28 09:30:00,2025-03-03 16:00:00,684.0,71.56,70.0,48947.04,-1067.0400000000016,0.0,-2.179988820570154,History,History,Imported,0.0,0.0,0.0
2025-46,TSLA,CLOSED,2025-02-28 09:30:00,2025-03-03 16:00:00,93.0,291.21,281.33,27082.53,-918.8399999999996,0.0,-3.392740633906801,History,History,Imported,0.0,0.0,0.0
2025-47,NFLX,CLOSED,2025-02-28 09:30:00,2025-03-03 16:00:00,30.0,975.7899999999998,968.76,29273.699999999997,-210.8999999999992,0.0,-0.7204418983592754,History,History,Imported,0.0,0.0,0.0
2025-48,NET,CLOSED,2025-02-28 09:30:00,2025-03-03 16:00:00,105.0,143.32,142.79000000000002,15048.6,-55.65000000000012,0.0,-0.3698018420318177,History,History,Imported,0.0,0.0,0.0
2025-49,PLTR,CLOSED,2025-03-03 09:30:00,2025-03-03 16:00:00,340.0,88.96000000000001,83.16000000000001,30246.4,-1971.999999999999,0.0,-6.5197841726618675,History,History,Imported,0.0,0.0,0.0
2025-50,TQQQ,CLOSED,2025-03-19 09:30:00,2025-03-20 16:00:00,243.0,61.91,61.06,15044.13,-206.54999999999865,0.0,-1.372960749475035,History,History,Imported,0.0,0.0,0.0
2025-51,DASH,CLOSED,2025-03-19 09:30:00,2025-03-20 16:00:00,80.0,190.52,191.2,15241.6,54.39999999999827,0.0,0.356917908880946,History,History,Imported,0.0,0.0,0.0
2025-52,TQQQ,CLOSED,2025-03-24 09:30:00,2025-03-26 16:00:00,240.0,65.21,64.44,15650.399999999998,-184.79999999999905,0.0,-1.180800490722276,History,History,Imported,0.0,0.0,0.0
2025-53,PLTR,CLOSED,2025-03-24 09:30:00,2025-03-28 16:00:00,377.0,94.41,90.54,35592.57,-1458.9899999999964,0.0,-4.099142040038122,History,History,Imported,0.0,0.0,0.0
2025-54,UPRO,CLOSED,2025-03-24 09:30:00,2025-03-28 16:00:00,239.0,79.87,80.31,19088.93,105.15999999999946,0.0,0.5508952047076471,History,History,Imported,0.0,0.0,0.0
2025-55,DOCS,CLOSED,2025-03-25 09:30:00,2025-03-26 16:00:00,225.0,67.19,64.21,15117.75,-670.5000000000009,0.0,-4.43518380711416,History,History,Imported,0.0,0.0,0.0
2025-56,SPOT,CLOSED,2025-03-27 09:30:00,2025-03-28 16:00:00,27.0,582.33,584.79,15722.910000000002,66.41999999999791,0.0,0.4224408840348123,History,History,Imported,0.0,0.0,0.0
2025-57,TQQQ,CLOSED,2025-04-11 09:30:00,2025-04-16 16:00:00,78.0,48.510000000000005,47.059999999999995,3783.78,-113.09999999999968,0.0,-2.9890744176458375,History,History,Imported,0.0,0.0,0.0
2025-58,QQQ,CLOSED,2025-04-11 09:30:00,2025-04-15 16:00:00,33.0,454.21,460.81,14988.929999999998,217.80000000000075,0.0,1.4530723674071515,History,History,Imported,0.0,0.0,0.0
2025-59,HOOD,CLOSED,2025-04-11 09:30:00,2025-04-16 16:00:00,327.0,43.6,41.51,14257.2,-683.4300000000011,0.0,-4.793577981651383,History,History,Imported,0.0,0.0,0.0
2025-60,PLTR,CLOSED,2025-04-11 09:30:00,2025-04-16 16:00:00,225.0,95.6,92.53,21510.0,-690.7499999999984,0.0,-3.2112970711297,History,History,Imported,0.0,0.0,0.0
2025-61,TQQQ,CLOSED,2025-04-22 09:30:00,2025-07-11 16:00:00,1423.0,64.61,74.38000000000001,91940.03,13902.709999999994,0.0,15.121498220089762,History,History,Imported,0.0,0.0,0.0
2025-62,HOOD,CLOSED,2025-04-23 09:30:00,2025-11-07 16:00:00,3045.0,84.28999999999999,101.1,256663.05,51186.44999999996,0.0,19.94305374303,History,History,Imported,0.0,0.0,0.0
2025-63,PLTR,CLOSED,2025-04-23 09:30:00,2025-09-04 16:00:00,1100.0,134.96,147.22,148456.0,13485.999999999987,0.0,9.08417308832246,History,History,Imported,0.0,0.0,0.0
2025-64,SPOT,CLOSED,2025-04-23 09:30:00,2025-04-29 16:00:00,25.0,607.49,558.3,15187.25,-1229.7500000000014,0.0,-8.097252629672926,History,History,Imported,0.0,0.0,0.0
2025-65,DASH,CLOSED,2025-04-23 09:30:00,2025-05-07 16:00:00,81.0,186.11,184.55,15074.910000000002,-126.36000000000018,0.0,-0.8382139594863265,History,History,Imported,0.0,0.0,0.0
2025-66,TSLA,CLOSED,2025-04-28 09:30:00,2025-04-29 16:00:00,26.0,294.34,280.9,7652.839999999999,-349.43999999999994,0.0,-4.566147992117958,History,History,Imported,0.0,0.0,0.0
2025-67,SPOT,CLOSED,2025-04-29 09:30:00,2025-07-18 16:00:00,107.0,637.9900000000001,669.23,68264.93000000001,3342.680000000001,0.0,4.896628473800531,History,History,Imported,0.0,0.0,0.0
2025-68,GEV,CLOSED,2025-04-30 09:30:00,2025-08-20 16:00:00,174.0,476.31999999999994,598.8199999999999,82879.68,21315.00000000001,0.0,25.718004702720876,History,History,Imported,0.0,0.0,0.0
2025-69,HIMS,CLOSED,2025-04-30 09:30:00,2025-06-23 16:00:00,1555.0,49.15,49.14,76428.25,-15.549999999996906,0.0,-0.0203458799593041,History,History,Imported,0.0,0.0,0.0
2025-70,BKNG,CLOSED,2025-04-30 09:30:00,2025-05-09 16:00:00,3.0,5039.17,5112.61,15117.51,220.3199999999988,0.0,1.4573828626539609,History,History,Imported,0.0,0.0,0.0
2025-71,ODD,CLOSED,2025-05-01 09:30:00,2025-05-13 16:00:00,351.0,62.91,61.98,22081.41,-326.4299999999999,0.0,-1.478302336671435,History,History,Imported,0.0,0.0,0.0
2025-72,RBRK,CLOSED,2025-05-05 09:30:00,2025-06-10 16:00:00,354.0,83.83,90.27,29675.82,2279.7599999999993,0.0,7.68221400453298,History,History,Imported,0.0,0.0,0.0
2025-73,FETH,CLOSED,2025-05-08 09:30:00,2025-05-14 16:00:00,334.0,22.32,26.15,7454.88,1279.2199999999991,0.0,17.159498207885296,History,History,Imported,0.0,0.0,0.0
2025-74,TSLA,CLOSED,2025-05-09 09:30:00,2025-06-05 16:00:00,93.0,313.22,314.27,29129.460000000003,97.64999999999576,0.0,0.3352276355277295,History,History,Imported,0.0,0.0,0.0
2025-75,GDX,CLOSED,2025-05-09 09:30:00,2025-05-12 16:00:00,657.0,50.17,47.78,32961.69,-1570.2300000000005,0.0,-4.763803069563485,History,History,Imported,0.0,0.0,0.0
2025-76,CRWV,CLOSED,2025-05-12 09:30:00,2025-07-29 16:00:00,900.0,111.86,133.33,100674.0,19323.00000000001,0.0,19.19363490076883,History,History,Imported,0.0,0.0,0.0
2025-77,UBER,CLOSED,2025-05-12 09:30:00,2025-05-20 16:00:00,315.0,86.68,91.46,27304.2,1505.699999999996,0.0,5.5145362251961085,History,History,Imported,0.0,0.0,0.0
2025-78,RBLX,CLOSED,2025-05-12 09:30:00,2025-05-20 16:00:00,336.0,74.3,81.16,24964.8,2304.96,0.0,9.232839838492598,History,History,Imported,0.0,0.0,0.0
2025-79,NVDA,CLOSED,2025-05-13 09:30:00,2025-08-20 16:00:00,500.0,142.72,171.78,71360.0,14530.000000000002,0.0,20.361547085201796,History,History,Imported,0.0,0.0,0.0
2025-80,NFLX,CLOSED,2025-05-14 09:30:00,2025-05-23 16:00:00,25.0,1154.04,1185.73,28851.0,792.2500000000014,0.0,2.746005337769926,History,History,Imported,0.0,0.0,0.0
2025-81,BIRK,CLOSED,2025-05-16 09:30:00,2025-05-16 16:00:00,327.0,58.07,56.9,18988.89,-382.59000000000054,0.0,-2.0148097124160524,History,History,Imported,0.0,0.0,0.0
2025-82,BROS,CLOSED,2025-05-16 09:30:00,2025-05-19 16:00:00,393.0,72.86,73.15,28633.98,113.97000000000246,0.0,0.3980236069173843,History,History,Imported,0.0,0.0,0.0
2025-83,APP,CLOSED,2025-05-19 09:30:00,2025-05-20 16:00:00,54.0,372.64,368.51,20122.56,-223.01999999999975,0.0,-1.1083082868183758,History,History,Imported,0.0,0.0,0.0
2025-84,DUOL,CLOSED,2025-05-20 09:30:00,2025-05-20 16:00:00,15.0,526.61,521.4,7899.150000000001,-78.15000000000055,0.0,-0.9893469550521328,History,History,Imported,0.0,0.0,0.0
2025-85,META,CLOSED,2025-05-21 09:30:00,2025-05-21 16:00:00,63.0,644.81,633.29,40623.03,-725.7599999999989,0.0,-1.7865727888835443,History,History,Imported,0.0,0.0,0.0
2025-86,TOST,CLOSED,2025-05-22 09:30:00,2025-05-23 16:00:00,699.0,42.82,42.559999999999995,29931.18,-181.73999999999864,0.0,-0.607192900513774,History,History,Imported,0.0,0.0,0.0
2025-87,IBIT,CLOSED,2025-05-22 09:30:00,2025-05-23 16:00:00,150.0,62.5,61.63,9375.0,-130.4999999999996,0.0,-1.3919999999999957,History,History,Imported,0.0,0.0,0.0
2025-88,SE,CLOSED,2025-05-23 09:30:00,2025-05-29 16:00:00,125.0,165.03,160.78,20628.75,-531.25,0.0,-2.575289341331879,History,History,Imported,0.0,0.0,0.0
2025-89,OKLO,CLOSED,2025-05-27 09:30:00,2025-05-29 16:00:00,768.0,52.72,52.27,40488.96,-345.5999999999967,0.0,-0.853566009104696,History,History,Imported,0.0,0.0,0.0
2025-90,AS,CLOSED,2025-05-27 09:30:00,2025-05-29 16:00:00,525.0,38.29,36.73,20102.25,-819.0000000000011,0.0,-4.074170801775926,History,History,Imported,0.0,0.0,0.0
2025-91,LTBR,CLOSED,2025-05-28 09:30:00,2025-05-28 16:00:00,500.0,17.32,16.8,8660.0,-259.9999999999998,0.0,-3.002309468822168,History,History,Imported,0.0,0.0,0.0
2025-92,DUOL,CLOSED,2025-05-30 09:30:00,2025-06-09 16:00:00,81.0,504.35,499.13999999999993,40852.35,-422.01000000000295,0.0,-1.033012788737987,History,History,Imported,0.0,0.0,0.0
2025-93,NBIS,CLOSED,2025-06-05 09:30:00,2025-06-20 16:00:00,466.0,48.150000000000006,48.09,22437.9,-27.95999999999775,0.0,-0.1246105919003014,History,History,Imported,0.0,0.0,0.0
2025-94,ETOR,CLOSED,2025-06-05 09:30:00,2025-06-05 16:00:00,348.0,69.5,63.38,24186.0,-2129.7599999999993,0.0,-8.80575539568345,History,History,Imported,0.0,0.0,0.0
2025-95,VIK,CLOSED,2025-06-06 09:30:00,2025-06-09 16:00:00,452.0,48.59,48.540000000000006,21962.68,-22.600000000001927,0.0,-0.1029018316526122,History,History,Imported,0.0,0.0,0.0
2025-96,ETOR,CLOSED,2025-06-09 09:30:00,2025-06-11 16:00:00,126.0,69.33,65.0,8735.58,-545.5799999999998,0.0,-6.2454925717582555,History,History,Imported,0.0,0.0,0.0
2025-97,OKLO,CLOSED,2025-06-09 09:30:00,2025-06-20 16:00:00,585.0,57.75,57.87,33783.75,70.19999999999851,0.0,0.2077922077922033,History,History,Imported,0.0,0.0,0.0
2025-98,AMZN,CLOSED,2025-06-09 09:30:00,2025-06-11 16:00:00,160.0,216.47999999999996,214.59,34636.799999999996,-302.3999999999978,0.0,-0.8730598669622999,History,History,Imported,0.0,0.0,0.0
2025-99,NRG,CLOSED,2025-06-11 09:30:00,2025-06-17 16:00:00,159.0,151.10000000000002,151.91,24024.9,128.79000000000036,0.0,0.536068828590339,History,History,Imported,0.0,0.0,0.0
2025-100,SHOP,CLOSED,2025-06-11 09:30:00,2025-06-12 16:00:00,215.0,112.69,109.77,24228.35,-627.8000000000004,0.0,-2.5911793415564843,History,History,Imported,0.0,0.0,0.0
2025-101,BROS,CLOSED,2025-06-23 09:30:00,2025-06-26 16:00:00,675.0,68.8,66.48,46440.0,-1565.9999999999957,0.0,-3.372093023255804,History,History,Imported,0.0,0.0,0.0
2025-102,RBRK,CLOSED,2025-06-23 09:30:00,2025-06-24 16:00:00,390.0,89.29000000000002,89.16000000000001,34823.100000000006,-50.70000000000377,0.0,-0.1455930115354571,History,History,Imported,0.0,0.0,0.0
2025-103,NET,CLOSED,2025-06-23 09:30:00,2025-07-10 16:00:00,235.0,183.88,184.45,43211.8,133.9499999999984,0.0,0.3099847726778296,History,History,Imported,0.0,0.0,0.0
2025-104,CRCL,CLOSED,2025-06-26 09:30:00,2025-06-27 16:00:00,90.0,209.33,202.81,18839.7,-586.8000000000009,0.0,-3.114699278650938,History,History,Imported,0.0,0.0,0.0
2025-105,CHYM,CLOSED,2025-06-30 09:30:00,2025-07-02 16:00:00,420.0,33.339999999999996,31.25,14002.8,-877.8000000000014,0.0,-6.268746250749861,History,History,Imported,0.0,0.0,0.0
2025-106,AMD,CLOSED,2025-07-01 09:30:00,2025-08-20 16:00:00,653.0,157.88,168.64,103095.64,7026.279999999994,0.0,6.8153027615910755,History,History,Imported,0.0,0.0,0.0
2025-107,CRDO,CLOSED,2025-07-03 09:30:00,2025-07-18 16:00:00,542.0,93.06,91.2,50438.52,-1008.1199999999995,0.0,-1.998710509348807,History,History,Imported,0.0,0.0,0.0
2025-108,SHOP,CLOSED,2025-07-03 09:30:00,2025-07-08 16:00:00,246.0,117.01,111.9,28784.460000000003,-1257.06,0.0,-4.367148106999401,History,History,Imported,0.0,0.0,0.0
2025-109,ARKK,CLOSED,2025-07-09 09:30:00,2025-07-11 16:00:00,210.0,72.22,72.71000000000001,15166.2,102.89999999999893,0.0,0.6784824148435264,History,History,Imported,0.0,0.0,0.0
2025-110,CRCL,CLOSED,2025-07-08 09:30:00,2025-07-11 16:00:00,85.0,196.32,195.12,16687.2,-101.99999999999903,0.0,-0.6112469437652753,History,History,Imported,0.0,0.0,0.0
2025-111,FNGO,CLOSED,2025-07-14 09:30:00,2025-07-16 16:00:00,425.0,108.74,108.23,46214.5,-216.7499999999961,0.0,-0.4690086444730466,History,History,Imported,0.0,0.0,0.0
2025-112,TQQQ,CLOSED,2025-07-16 09:30:00,2025-07-22 16:00:00,563.0,85.64999999999999,86.53,48220.95,495.43999999999744,0.0,1.0274372446001114,History,History,Imported,0.0,0.0,0.0
2025-113,ETHU,CLOSED,2025-07-17 09:30:00,2025-08-04 16:00:00,134.0,112.42,112.65,15064.28,30.820000000000533,0.0,0.2045899306173314,History,History,Imported,0.0,0.0,0.0
2025-114,IREN,CLOSED,2025-07-18 09:30:00,2025-07-31 16:00:00,1000.0,18.68,17.85,18680.0,-829.9999999999983,0.0,-4.443254817987143,History,History,Imported,0.0,0.0,0.0
2025-115,CRDO,CLOSED,2025-07-18 09:30:00,2025-07-21 16:00:00,542.0,92.26,90.55,50004.920000000006,-926.8200000000044,0.0,-1.853457619770223,History,History,Imported,0.0,0.0,0.0
2025-116,SNOW,CLOSED,2025-07-18 09:30:00,2025-07-22 16:00:00,231.0,216.32,214.75,49969.92,-362.6699999999984,0.0,-0.7257766272189318,History,History,Imported,0.0,0.0,0.0
2025-117,TSLA,CLOSED,2025-07-18 09:30:00,2025-07-21 16:00:00,100.0,329.08,328.42,32908.0,-65.99999999999682,0.0,-0.2005591345569369,History,History,Imported,0.0,0.0,0.0
2025-118,COIN,CLOSED,2025-07-21 09:30:00,2025-07-29 16:00:00,45.0,404.03,371.41,18181.35,-1467.8999999999976,0.0,-8.073657896690827,History,History,Imported,0.0,0.0,0.0
2025-119,NFLX,CLOSED,2025-07-21 09:30:00,2025-07-22 16:00:00,13.0,1234.4199999999998,1193.51,16047.46,-531.8300000000011,0.0,-3.3141070300222037,History,History,Imported,0.0,0.0,0.0
2025-120,CRDO,CLOSED,2025-07-23 09:30:00,2025-08-13 16:00:00,443.0,99.74,118.31,44184.82,8226.510000000004,0.0,18.618407860437145,History,History,Imported,0.0,0.0,0.0
2025-121,TSLA,CLOSED,2025-07-21 09:30:00,2025-07-30 16:00:00,4.0,1406.68,1316.75,5626.72,-359.72000000000025,0.0,-6.39306736429039,History,History,Imported,0.0,0.0,0.0
2025-122,GOOGL,CLOSED,2025-07-10 09:30:00,2025-08-11 16:00:00,180.0,189.02,200.65,34023.6,2093.399999999999,0.0,6.15278806475505,History,History,Imported,0.0,0.0,0.0
2025-123,AMZN,CLOSED,2025-07-10 09:30:00,2025-07-30 16:00:00,100.0,20.76,24.73,2076.0,396.9999999999999,0.0,19.12331406551059,History,History,Imported,0.0,0.0,0.0
2025-124,CRWV,CLOSED,2025-07-29 09:30:00,2025-07-29 16:00:00,304.0,111.17,109.05,33795.68,-644.4800000000014,0.0,-1.9069892956732972,History,History,Imported,0.0,0.0,0.0
2025-125,CRWV,CLOSED,2025-07-31 09:30:00,2025-08-01 16:00:00,147.0,113.97,103.73,16753.59,-1505.2799999999993,0.0,-8.984820566815824,History,History,Imported,0.0,0.0,0.0
2025-126,COIN,CLOSED,2025-07-31 09:30:00,2025-08-01 16:00:00,50.0,377.97,322.11,18898.5,-2793.000000000001,0.0,-14.778950710373843,History,History,Imported,0.0,0.0,0.0
2025-127,TQQQ,CLOSED,2025-07-31 09:30:00,2025-08-11 16:00:00,181.0,86.53,92.23,15661.93,1031.7000000000005,0.0,6.587310759274244,History,History,Imported,0.0,0.0,0.0
2025-128,ARKK,CLOSED,2025-08-01 09:30:00,2025-08-11 16:00:00,425.0,71.41,74.5,30349.25,1313.2500000000014,0.0,4.327125052513658,History,History,Imported,0.0,0.0,0.0
2025-129,META,CLOSED,2025-08-01 09:30:00,2025-08-11 16:00:00,47.0,761.91,768.19,35809.77,295.16000000000406,0.0,0.8242443333202198,History,History,Imported,0.0,0.0,0.0
2025-130,NET,CLOSED,2025-08-04 09:30:00,2025-08-08 16:00:00,154.0,206.93,205.67,31867.22,-194.04000000000295,0.0,-0.6089015609143281,History,History,Imported,0.0,0.0,0.0
2025-131,ZETA,CLOSED,2025-08-07 09:30:00,2025-08-07 16:00:00,750.0,20.58,20.09,15434.999999999998,-367.4999999999988,0.0,-2.3809523809523734,History,History,Imported,0.0,0.0,0.0
2025-132,CRWV,CLOSED,2025-08-07 09:30:00,2025-08-13 16:00:00,382.0,127.31,124.33,48632.42,-1138.3600000000015,0.0,-2.340743068101488,History,History,Imported,0.0,0.0,0.0
2025-133,RKLB,CLOSED,2025-08-08 09:30:00,2025-08-08 16:00:00,476.0,46.54,45.23,22153.04,-623.5600000000011,0.0,-2.8147829823807524,History,History,Imported,0.0,0.0,0.0
2025-134,SHOP,CLOSED,2025-08-13 09:30:00,2025-08-15 16:00:00,381.0,150.34,142.19,57279.54,-3105.1500000000024,0.0,-5.421045629905551,History,History,Imported,0.0,0.0,0.0
2025-135,APP,CLOSED,2025-08-14 09:30:00,2025-08-20 16:00:00,128.0,435.57,407.02,55752.96,-3654.4000000000015,0.0,-6.554629565856238,History,History,Imported,0.0,0.0,0.0
2025-136,NFLX,CLOSED,2025-08-14 09:30:00,2025-08-20 16:00:00,45.0,1239.35,1209.75,55770.74999999999,-1331.999999999996,0.0,-2.3883487311897293,History,History,Imported,0.0,0.0,0.0
2025-137,RBLX,CLOSED,2025-08-14 09:30:00,2025-08-20 16:00:00,526.0,124.25,115.52,65355.5,-4591.980000000002,0.0,-7.026156941649902,History,History,Imported,0.0,0.0,0.0
2025-138,CRWV,CLOSED,2025-08-15 09:30:00,2025-08-28 16:00:00,341.0,101.43,98.21,34587.630000000005,-1098.0200000000043,0.0,-3.1746031746031877,History,History,Imported,0.0,0.0,0.0
2025-139,TQQQ,CLOSED,2025-08-20 09:30:00,2025-08-20 16:00:00,400.0,86.44,85.1,34576.0,-536.0000000000014,0.0,-1.5502082369273524,History,History,Imported,0.0,0.0,0.0
2025-140,ALAB,CLOSED,2025-08-20 09:30:00,2025-09-02 16:00:00,242.0,173.73000000000002,169.93,42042.66,-919.5999999999958,0.0,-2.187302135497601,History,History,Imported,0.0,0.0,0.0
2025-141,RBLX,CLOSED,2025-08-20 09:30:00,2025-09-04 16:00:00,422.0,121.46,129.08,51256.119999999995,3215.640000000008,0.0,6.273670344146237,History,History,Imported,0.0,0.0,0.0
2025-142,GEV,CLOSED,2025-08-21 09:30:00,2025-09-02 16:00:00,75.0,614.34,580.65,46075.5,-2526.750000000004,0.0,-5.483933977927541,History,History,Imported,0.0,0.0,0.0
2025-143,APP,CLOSED,2025-08-21 09:30:00,2025-10-06 16:00:00,158.0,498.07,597.02,78695.06,15634.1,0.0,19.86668540566587,History,History,Imported,0.0,0.0,0.0
2025-144,TQQQ,CLOSED,2025-08-22 09:30:00,2025-09-02 16:00:00,510.0,90.71,84.6,46262.1,-3116.1,0.0,-6.7357512953367875,History,History,Imported,0.0,0.0,0.0
2025-145,NVDA,CLOSED,2025-08-25 09:30:00,2025-09-02 16:00:00,252.0,181.78,170.39,45808.56,-2870.280000000004,0.0,-6.265815821322486,History,History,Imported,0.0,0.0,0.0
2025-146,MGNI,CLOSED,2025-08-25 09:30:00,2025-09-02 16:00:00,1817.0,25.53,24.41,46388.01,-2035.0400000000016,0.0,-4.386995691343521,History,History,Imported,0.0,0.0,0.0
2025-147,NBIS,CLOSED,2025-08-25 09:30:00,2025-09-02 16:00:00,450.0,69.56,65.79,31302.0,-1696.4999999999982,0.0,-5.419781483611265,History,History,Imported,0.0,0.0,0.0
2025-148,UBER,CLOSED,2025-08-25 09:30:00,2025-08-28 16:00:00,320.0,97.17,94.13,31094.4,-972.800000000002,0.0,-3.1285376144900754,History,History,Imported,0.0,0.0,0.0
2025-149,CCL,CLOSED,2025-08-26 09:30:00,2025-09-02 16:00:00,990.0,31.27,30.6,30957.3,-663.2999999999981,0.0,-2.142628717620717,History,History,Imported,0.0,0.0,0.0
2025-150,TSLA,CLOSED,2025-08-26 09:30:00,2025-08-29 16:00:00,89.0,348.32,341.15,31000.48,-638.1300000000015,0.0,-2.0584519981626137,History,History,Imported,0.0,0.0,0.0
2025-151,SHOP,CLOSED,2025-08-27 09:30:00,2025-09-02 16:00:00,223.0,139.03,136.81,31003.69,-495.0599999999997,0.0,-1.5967776738833337,History,History,Imported,0.0,0.0,0.0
2025-152,AMD,CLOSED,2025-08-27 09:30:00,2025-09-02 16:00:00,280.0,169.1,160.65,47348.0,-2365.999999999997,0.0,-4.997043169722051,History,History,Imported,0.0,0.0,0.0
2025-153,FIX,CLOSED,2025-08-29 09:30:00,2025-08-29 16:00:00,44.0,727.16,707.83,31995.039999999997,-850.5199999999968,0.0,-2.658287034490336,History,History,Imported,0.0,0.0,0.0
2025-154,NVDA,CLOSED,2025-09-02 09:30:00,2025-09-02 16:00:00,88.0,171.52,169.14,15093.76,-209.4400000000021,0.0,-1.3875932835821034,History,History,Imported,0.0,0.0,0.0
2025-155,MGNI,CLOSED,2025-09-02 09:30:00,2025-09-09 16:00:00,1670.0,25.5,24.64,42585.0,-1436.1999999999991,0.0,-3.372549019607842,History,History,Imported,0.0,0.0,0.0
2025-156,RKLB,CLOSED,2025-09-02 09:30:00,2025-09-04 16:00:00,650.0,49.51,43.46,32181.5,-3932.499999999998,0.0,-12.21975358513431,History,History,Imported,0.0,0.0,0.0
2025-157,DHI,CLOSED,2025-09-02 09:30:00,2025-09-10 16:00:00,176.0,170.71,174.94,30044.960000000003,744.4799999999982,0.0,2.47788647413742,History,History,Imported,0.0,0.0,0.0
2025-158,DASH,CLOSED,2025-09-03 09:30:00,2025-09-04 16:00:00,120.0,251.36,247.16,30163.2,-504.0000000000021,0.0,-1.6709102482495293,History,History,Imported,0.0,0.0,0.0
2025-159,ALAB,CLOSED,2025-09-03 09:30:00,2025-10-13 16:00:00,453.0,200.13,203.74,90658.89,1635.3300000000063,0.0,1.8038275121171308,History,History,Imported,0.0,0.0,0.0
2025-160,ANET,CLOSED,2025-09-03 09:30:00,2025-09-08 16:00:00,220.0,137.89,140.12,30335.799999999996,490.600000000004,0.0,1.6172311262600758,History,History,Imported,0.0,0.0,0.0
2025-161,XHB,CLOSED,2025-09-04 09:30:00,2025-09-08 16:00:00,122.0,115.02,118.52,14032.44,427.0,0.0,3.0429490523387237,History,History,Imported,0.0,0.0,0.0
2025-162,RBLX,CLOSED,2025-09-04 09:30:00,2025-09-25 16:00:00,344.0,130.53,130.14,44902.32,-134.16000000000508,0.0,-0.2987818892208801,History,History,Imported,0.0,0.0,0.0
2025-163,HOOD,CLOSED,2025-09-04 09:30:00,2025-09-09 16:00:00,198.0,145.99,144.19,28906.02,-356.40000000000225,0.0,-1.2329611617234135,History,History,Imported,0.0,0.0,0.0
2025-164,SHOP,CLOSED,2025-09-05 09:30:00,2025-09-09 16:00:00,300.0,93.79,93.67,28137.000000000004,-36.000000000001364,0.0,-0.1279454099584225,History,History,Imported,0.0,0.0,0.0
2025-165,UPRO,CLOSED,2025-09-05 09:30:00,2025-09-09 16:00:00,280.0,104.0,103.66,29120.0,-95.20000000000095,0.0,-0.3269230769230802,History,History,Imported,0.0,0.0,0.0
2025-166,TNA,CLOSED,2025-09-05 09:30:00,2025-09-09 16:00:00,346.0,42.57,42.53,14729.22,-13.839999999999703,0.0,-0.093962884660557,History,History,Imported,0.0,0.0,0.0
2025-167,CDNS,CLOSED,2025-09-08 09:30:00,2025-09-10 16:00:00,162.0,360.09999999999997,349.0,58336.2,-1798.2000000000037,0.0,-3.082477089697313,History,History,Imported,0.0,0.0,0.0
2025-168,PLTR,CLOSED,2025-09-04 09:30:00,2025-10-20 16:00:00,762.0,166.24,171.36,126674.88,3901.4400000000032,0.0,3.07988450433109,History,History,Imported,0.0,0.0,0.0
2025-169,DASH,CLOSED,2025-09-09 09:30:00,2025-10-16 16:00:00,200.0,260.88,265.48,52176.0,920.0000000000044,0.0,1.7632628028212292,History,History,Imported,0.0,0.0,0.0
2025-170,RDDT,CLOSED,2025-09-10 09:30:00,2025-09-19 16:00:00,186.0,258.09,259.7,48004.74,299.46000000000254,0.0,0.6238133984269106,History,History,Imported,0.0,0.0,0.0
2025-171,TQQQ,CLOSED,2025-09-10 09:30:00,2025-09-24 16:00:00,160.0,93.85,100.72,15016.0,1099.2000000000007,0.0,7.320191795418225,History,History,Imported,0.0,0.0,0.0
2025-172,CRWV,CLOSED,2025-09-11 09:30:00,2025-10-21 16:00:00,869.0,127.85,126.8,111101.65,-912.4499999999975,0.0,-0.8212749315604203,History,History,Imported,0.0,0.0,0.0
2025-173,LEU,CLOSED,2025-09-11 09:30:00,2025-10-17 16:00:00,158.0,247.62,333.16,39123.96,13515.320000000003,0.0,34.54486713512641,History,History,Imported,0.0,0.0,0.0
2025-174,TSLA,CLOSED,2025-09-12 09:30:00,2025-10-22 16:00:00,160.0,402.56,431.95,64409.6,4702.399999999998,0.0,7.300775039745624,History,History,Imported,0.0,0.0,0.0
2025-175,MP,CLOSED,2025-09-12 09:30:00,2025-09-29 16:00:00,476.0,63.19,66.81,30078.44,1723.1200000000022,0.0,5.7287545497705405,History,History,Imported,0.0,0.0,0.0
2025-176,GEV,CLOSED,2025-09-12 09:30:00,2025-09-19 16:00:00,47.0,637.22,607.3299999999999,29949.34,-1404.8299999999997,0.0,-4.690687674586483,History,History,Imported,0.0,0.0,0.0
2025-177,NAIL,CLOSED,2025-09-12 09:30:00,2025-09-12 16:00:00,165.0,91.29,88.84,15062.85,-404.25000000000045,0.0,-2.683755066272322,History,History,Imported,0.0,0.0,0.0
2025-178,NVDA,CLOSED,2025-09-12 09:30:00,2025-09-17 16:00:00,169.0,177.8,171.14999999999998,30048.2,-1123.850000000001,0.0,-3.740157480314964,History,History,Imported,0.0,0.0,0.0
2025-179,ETHA,CLOSED,2025-09-12 09:30:00,2025-09-17 16:00:00,856.0,34.85,33.870000000000005,29831.6,-838.8800000000034,0.0,-2.8120516499282755,History,History,Imported,0.0,0.0,0.0
2025-180,ORCL,CLOSED,2025-09-15 09:30:00,2025-09-18 16:00:00,153.0,308.16,295.39,47148.48,-1953.810000000006,0.0,-4.143951194184852,History,History,Imported,0.0,0.0,0.0
2025-181,OKLO,CLOSED,2025-09-15 09:30:00,2025-09-30 16:00:00,370.0,85.86,117.33,31768.2,11643.9,0.0,36.65269042627533,History,History,Imported,0.0,0.0,0.0
2025-182,DAVE,CLOSED,2025-09-15 09:30:00,2025-09-25 16:00:00,135.0,230.0,220.0,31050.0,-1350.0,0.0,-4.3478260869565215,History,History,Imported,0.0,0.0,0.0
2025-183,VST,CLOSED,2025-09-15 09:30:00,2025-09-19 16:00:00,150.0,209.7,210.68,31455.0,147.00000000000273,0.0,0.467334287076785,History,History,Imported,0.0,0.0,0.0
2025-184,NBIS,CLOSED,2025-09-18 09:30:00,2025-09-19 16:00:00,514.0,95.1,94.26,48881.399999999994,-431.7599999999944,0.0,-0.8832807570977805,History,History,Imported,0.0,0.0,0.0
2025-185,SOFI,CLOSED,2025-07-22 09:30:00,2025-10-03 16:00:00,2382.0,24.81,25.33,59097.42,1238.639999999999,0.0,2.0959290608625536,History,History,Imported,0.0,0.0,0.0
2025-186,NBIS,CLOSED,2025-08-01 09:30:00,2025-10-16 16:00:00,430.0,100.77,125.9,43331.1,10805.900000000003,0.0,24.937977572690293,History,History,Imported,0.0,0.0,0.0
2025-187,BMNR,CLOSED,2025-09-22 09:30:00,2025-10-16 16:00:00,908.0,55.97,52.61,50820.76,-3050.8799999999997,0.0,-6.003216008576022,History,History,Imported,0.0,0.0,0.0
2025-188,AVGO,CLOSED,2025-09-22 09:30:00,2025-09-29 16:00:00,100.0,37.45000000000001,28.65,3745.000000000001,-880.0000000000005,0.0,-23.49799732977304,History,History,Imported,0.0,0.0,0.0
2025-189,FIG,CLOSED,2025-09-22 09:30:00,2025-09-23 16:00:00,606.0,59.03,56.45000000000001,35772.18,-1563.4799999999989,0.0,-4.370658986955782,History,History,Imported,0.0,0.0,0.0
2025-190,ORCL,CLOSED,2025-09-22 09:30:00,2025-09-25 16:00:00,57.0,318.5,291.17,18154.5,-1557.809999999999,0.0,-8.580847723704862,History,History,Imported,0.0,0.0,0.0
2025-191,CRDO,CLOSED,2025-09-24 09:30:00,2025-09-24 16:00:00,160.0,151.97,147.6,24315.2,-699.2000000000007,0.0,-2.8755675462262316,History,History,Imported,0.0,0.0,0.0
2025-192,CRDO,CLOSED,2025-09-24 09:30:00,2025-09-25 16:00:00,250.0,149.9,142.24,37475.0,-1914.999999999999,0.0,-5.110073382254835,History,History,Imported,0.0,0.0,0.0
2025-193,GRAB,CLOSED,2025-09-25 09:30:00,2025-09-29 16:00:00,2250.0,6.22,6.06,13995.0,-360.00000000000034,0.0,-2.572347266881031,History,History,Imported,0.0,0.0,0.0
2025-194,TQQQ,CLOSED,2025-09-26 09:30:00,2025-09-30 16:00:00,360.0,100.61,102.47,36219.6,669.5999999999998,0.0,1.8487227909750517,History,History,Imported,0.0,0.0,0.0
2025-195,UPRO,CLOSED,2025-09-26 09:30:00,2025-09-29 16:00:00,165.0,109.13,110.4,18006.45,209.5500000000017,0.0,1.1637496563731424,History,History,Imported,0.0,0.0,0.0
2025-196,CRCL,CLOSED,2025-09-22 09:30:00,2025-09-30 16:00:00,433.0,138.04,135.61,59771.32,-1052.1899999999907,0.0,-1.7603593161402338,History,History,Imported,0.0,0.0,0.0
2025-197,BWXT,CLOSED,2025-09-26 09:30:00,2025-09-29 16:00:00,190.0,180.01000000000002,182.7,34201.9,511.0999999999996,0.0,1.4943614243653118,History,History,Imported,0.0,0.0,0.0
2025-198,RBLX,CLOSED,2025-09-30 09:30:00,2025-09-30 16:00:00,180.0,139.2,135.68,25055.999999999996,-633.5999999999967,0.0,-2.528735632183895,History,History,Imported,0.0,0.0,0.0
2025-199,NVDA,CLOSED,2025-09-30 09:30:00,2025-10-14 16:00:00,302.0,186.03,182.02,56181.06,-1211.0199999999973,0.0,-2.155566306509698,History,History,Imported,0.0,0.0,0.0
2025-200,RBLX,CLOSED,2025-09-30 09:30:00,2025-10-03 16:00:00,402.0,136.8,125.7,54993.600000000006,-4462.2000000000035,0.0,-8.114035087719303,History,History,Imported,0.0,0.0,0.0
2025-201,APP,CLOSED,2025-10-06 09:30:00,2025-10-10 16:00:00,87.0,611.95,590.86,53239.65,-1834.8300000000029,0.0,-3.446359996731764,History,History,Imported,0.0,0.0,0.0
2025-202,FIG,CLOSED,2025-10-07 09:30:00,2025-10-17 16:00:00,311.0,60.989999999999995,59.55,18967.89,-447.8400000000015,0.0,-2.361042793900648,History,History,Imported,0.0,0.0,0.0
2025-203,FIG,CLOSED,2025-10-07 09:30:00,2025-10-16 16:00:00,873.0,62.85,58.89,54868.05,-3457.080000000001,0.0,-6.300715990453462,History,History,Imported,0.0,0.0,0.0
2025-204,CRCL,CLOSED,2025-10-08 09:30:00,2025-10-10 16:00:00,180.0,151.51,142.4,27271.8,-1639.7999999999977,0.0,-6.012804435350793,History,History,Imported,0.0,0.0,0.0
2025-205,FIGR,CLOSED,2025-10-08 09:30:00,2025-10-10 16:00:00,605.0,46.43,43.91,28090.15,-1524.600000000002,0.0,-5.42752530691364,History,History,Imported,0.0,0.0,0.0
2025-206,KLAR,CLOSED,2025-10-09 09:30:00,2025-10-09 16:00:00,440.0,44.22,42.53,19456.8,-743.599999999999,0.0,-3.821800090456802,History,History,Imported,0.0,0.0,0.0
2025-207,GEV,CLOSED,2025-10-13 09:30:00,2025-10-16 16:00:00,84.0,643.41,612.3,54046.439999999995,-2613.240000000001,0.0,-4.83517508276216,History,History,Imported,0.0,0.0,0.0
2025-208,CRDO,CLOSED,2025-10-13 09:30:00,2025-10-14 16:00:00,237.0,149.38,139.83000000000004,35403.06,-2263.349999999996,0.0,-6.393091444637824,History,History,Imported,0.0,0.0,0.0
2025-209,TQQQ,CLOSED,2025-10-13 09:30:00,2025-11-07 16:00:00,550.0,103.29,104.46,56809.5,643.4999999999932,0.0,1.1327330816148589,History,History,Imported,0.0,0.0,0.0
2025-210,RBLX,CLOSED,2025-10-14 09:30:00,2025-10-17 16:00:00,367.0,133.65,134.21,49049.55,205.52000000000083,0.0,0.4190048634493096,History,History,Imported,0.0,0.0,0.0
2025-211,APP,CLOSED,2025-10-14 09:30:00,2025-10-20 16:00:00,60.0,591.76,559.3,35505.6,-1947.6000000000024,0.0,-5.485331891307292,History,History,Imported,0.0,0.0,0.0
2025-212,RKLB,CLOSED,2025-10-14 09:30:00,2025-10-16 16:00:00,260.0,65.72,67.47,17087.2,455.0,0.0,2.662811929397444,History,History,Imported,0.0,0.0,0.0
2025-213,GRAB,CLOSED,2025-10-14 09:30:00,2025-10-15 16:00:00,6000.0,6.01,5.91,36060.0,-599.9999999999978,0.0,-1.663893510815302,History,History,Imported,0.0,0.0,0.0
2025-214,CRCL,CLOSED,2025-10-13 09:30:00,2025-10-14 16:00:00,250.0,140.04,132.21,35010.0,-1957.499999999996,0.0,-5.591259640102816,History,History,Imported,0.0,0.0,0.0
2025-215,PLTR,CLOSED,2025-10-20 09:30:00,2025-10-22 16:00:00,275.0,173.89,176.56,47819.74999999999,734.2500000000043,0.0,1.5354534475818138,History,History,Imported,0.0,0.0,0.0
2025-216,CRDO,CLOSED,2025-10-20 09:30:00,2025-10-21 16:00:00,219.0,150.67999999999998,145.06,32998.92,-1230.780000000001,0.0,-3.729758428457662,History,History,Imported,0.0,0.0,0.0
2025-217,UPRO,CLOSED,2025-10-21 09:30:00,2025-10-22 16:00:00,290.0,113.73000000000002,111.86,32981.700000000004,-542.3000000000013,0.0,-1.6442451420029935,History,History,Imported,0.0,0.0,0.0
2025-218,LEU,CLOSED,2025-10-24 09:30:00,2025-10-27 16:00:00,45.0,364.33,351.0,16394.85,-599.8499999999992,0.0,-3.658770894518701,br4.1 PB 21e,sr1 Capital Protection,Imported,0.0,0.0,0.0
2025-219,AMD,CLOSED,2025-10-24 09:30:00,2025-11-06 16:00:00,192.0,251.33,242.77,48255.36,-1643.5200000000004,0.0,-3.4058807145983376,History,History,Imported,0.0,0.0,0.0
2025-220,PLTR,CLOSED,2025-10-24 09:30:00,2025-11-05 16:00:00,346.0,193.40000000000003,195.05,66916.40000000001,570.9000000000019,0.0,0.8531540847983481,History,History,Imported,0.0,0.0,0.0
2025-221,APP,CLOSED,2025-10-24 09:30:00,2025-11-05 16:00:00,52.0,627.05,612.68,32606.6,-747.2400000000002,0.0,-2.291683278845388,br4.3 PB 10w,sr1 Capital Protection,Imported,0.0,0.0,0.0
2025-222,AVAV,CLOSED,2025-10-24 09:30:00,2025-11-03 16:00:00,66.0,379.93,367.14,25075.38,-844.1400000000014,0.0,-3.366409601768752,br4.1 PB 21e,sr1 Capital Protection,Imported,0.0,0.0,0.0
2025-223,AVGO,CLOSED,2025-10-27 09:30:00,2025-11-06 16:00:00,156.0,364.02,361.03,56787.119999999995,-466.4400000000014,0.0,-0.8213834404703064,History,History,Imported,0.0,0.0,0.0
2025-224,LIF,CLOSED,2025-10-27 09:30:00,2025-10-30 16:00:00,486.0,98.85,96.99,48041.1,-903.9599999999996,0.0,-1.8816388467374805,History,History,Imported,0.0,0.0,0.0
2025-225,NVDA,CLOSED,2025-10-28 09:30:00,2025-11-06 16:00:00,180.0,195.95,192.28,35271.0,-660.5999999999977,0.0,-1.8729267670324,History,History,Imported,0.0,0.0,0.0
2025-226,SHOP,CLOSED,2025-10-28 09:30:00,2025-11-04 16:00:00,276.0,178.2,173.71,49183.2,-1239.2399999999948,0.0,-2.5196408529741756,History,History,Imported,0.0,0.0,0.0
2025-227,MSFT,CLOSED,2025-10-28 09:30:00,2025-10-31 16:00:00,35.0,549.5,518.77,19232.5,-1075.5500000000006,0.0,-5.592356687898093,History,History,Imported,0.0,0.0,0.0
2025-228,NET,CLOSED,2025-10-31 09:30:00,2025-11-06 16:00:00,211.0,240.31000000000003,231.5,50705.41,-1858.9100000000003,0.0,-3.666097956805793,History,History,Imported,0.0,0.0,0.0
2025-229,BE,CLOSED,2025-10-31 09:30:00,2025-11-07 16:00:00,169.0,132.81,129.79,22444.89,-510.3800000000017,0.0,-2.2739251562382425,History,History,Imported,0.0,0.0,0.0
2025-230,WDC,CLOSED,2025-10-31 09:30:00,2025-11-07 16:00:00,110.0,150.01,158.19000000000003,16501.1,899.8000000000008,0.0,5.452969802013205,History,History,Imported,0.0,0.0,0.0
2025-231,NBIS,CLOSED,2025-10-31 09:30:00,2025-11-04 16:00:00,63.0,129.75,113.62,8174.25,-1016.1899999999996,0.0,-12.431599229287087,History,History,Imported,0.0,0.0,0.0
2025-232,CRWV,CLOSED,2025-10-31 09:30:00,2025-11-04 16:00:00,58.0,138.28,119.51,8020.24,-1088.66,0.0,-13.5739080127278,History,History,Imported,0.0,0.0,0.0
2025-233,SOFI,CLOSED,2025-10-31 09:30:00,2025-11-06 16:00:00,529.0,29.78,29.48,15753.62,-158.7000000000004,0.0,-1.0073875083948982,History,History,Imported,0.0,0.0,0.0
2025-234,TSLA,CLOSED,2025-11-03 09:30:00,2025-11-06 16:00:00,67.0,467.25,451.75,31305.75,-1038.5,0.0,-3.3172819689673623,History,History,Imported,0.0,0.0,0.0
2025-235,SSO,CLOSED,2025-11-05 09:30:00,2025-11-07 16:00:00,300.0,114.7,111.51,34410.0,-956.9999999999992,0.0,-2.78116826503923,History,History,Imported,0.0,0.0,0.0
2025-236,CRS,CLOSED,2025-11-05 09:30:00,2025-11-06 16:00:00,51.0,316.54,315.96,16143.54,-29.580000000002087,0.0,-0.1832311872117397,ns No Setup,History,Imported,0.0,0.0,0.0
2025-237,CRWD,CLOSED,2025-11-07 09:30:00,2025-11-12 16:00:00,33.0,541.25,548.7199999999999,17861.25,246.5100000000009,0.0,1.3801385681293352,br1.2 Cup w Handle,sr9 Breakout Failure,Imported,0.0,0.0,0.0
2025-238,UPRO,CLOSED,2025-11-07 09:30:00,2025-11-14 16:00:00,395.0,114.9,109.75,45385.5,-2034.2500000000025,0.0,-4.48215839860749,br4.2 PB 50s,sr1 Capital Protection,Imported,0.0,0.0,0.0
2025-239,AMKR,CLOSED,2025-11-07 09:30:00,2025-11-13 16:00:00,848.0,35.13,33.19,29790.24,-1645.120000000004,0.0,-5.522345573583844,br1.1 Consolidation,sr1 Capital Protection,Imported,0.0,0.0,0.0
2025-240,HOOD,CLOSED,2025-11-07 09:30:00,2025-11-13 16:00:00,230.0,134.68,127.73,30976.4,-1598.500000000001,0.0,-5.1603801603801625,br3.2 Reclaim 50s,sr1 Capital Protection,Imported,0.0,0.0,0.0
2025-241,ITA,CLOSED,2025-11-07 09:30:00,2025-11-10 16:00:00,72.0,209.4,211.11,15076.8,123.12000000000056,0.0,0.8166189111747889,br4.2 PB 50s,sr1 Capital Protection,Imported,0.0,0.0,0.0
2025-242,AMZN,CLOSED,2025-11-07 09:30:00,2025-11-12 16:00:00,63.0,243.88,248.62,15364.44,298.6200000000006,0.0,1.943578809250455,br1.3 Cup w/o Handle,sr1 Capital Protection,Imported,0.0,0.0,0.0
2025-243,NET,CLOSED,2025-11-07 09:30:00,2025-11-12 16:00:00,130.0,233.32,225.01,30331.6,-1080.3000000000002,0.0,-3.5616320932624728,br1.6 Flat Base,sr1 Capital Protection,Imported,0.0,0.0,0.0
2025-244,APP,CLOSED,2025-11-10 09:30:00,2025-11-11 16:00:00,50.0,664.66,602.59,33233.0,-3103.499999999997,0.0,-9.338609213733328,br3.1 Reclaim 21e,sr1 Capital Protection,Imported,0.0,0.0,0.0
2025-245,TQQQ,CLOSED,2025-11-10 09:30:00,2025-11-13 16:00:00,668.0,111.97,104.91,74795.96,-4716.080000000002,0.0,-6.305260337590428,br6.1 Gapper,sr1 Capital Protection,Imported,0.0,0.0,0.0
2025-246,BE,CLOSED,2025-11-10 09:30:00,2025-11-10 16:00:00,105.0,145.43,141.97,15270.15,-363.30000000000086,0.0,-2.3791514818125616,br1.1 Consolidation,sr1 Capital Protection,Imported,0.0,0.0,0.0
2025-247,AMD,CLOSED,2025-11-10 09:30:00,2025-11-14 16:00:00,127.0,250.2,236.1,31775.4,-1790.6999999999994,0.0,-5.635491606714626,br4.1 PB 21e,sr1 Capital Protection,Imported,0.0,0.0,0.0
2025-248,PLTR,CLOSED,2025-11-10 09:30:00,2025-11-12 16:00:00,160.0,192.3,182.87,30768.0,-1508.800000000001,0.0,-4.903796151846077,br1.2 Cup w Handle,sr9 Breakout Failure,Imported,0.0,0.0,0.0
2025-249,TSLA,CLOSED,2025-11-10 09:30:00,2025-11-12 16:00:00,70.0,447.99,431.62,31359.3,-1145.9000000000003,0.0,-3.654099421862096,br3.1 Reclaim 21e,sr1 Capital Protection,Imported,0.0,0.0,0.0
2025-250,UGL,CLOSED,2025-11-10 09:30:00,2025-11-14 16:00:00,300.0,51.26,49.65,15378.0,-482.99999999999983,0.0,-3.1408505657432686,br3.1 Reclaim 21e,sr1 Capital Protection,Imported,0.0,0.0,0.0
2025-251,NBIS,CLOSED,2025-11-11 09:30:00,2025-11-11 16:00:00,125.0,110.35,100.84,13793.75,-1188.7499999999989,0.0,-8.61803352967829,br4.2 PB 50s,sr1 Capital Protection,Imported,0.0,0.0,0.0
2025-252,NBIS,CLOSED,2025-11-19 09:30:00,2025-11-19 16:00:00,95.0,96.0,94.02,9120.0,-188.10000000000036,0.0,-2.062500000000004,br1.4 Double Bottom,sr1 Capital Protection,Imported,0.0,0.0,0.0
2025-253,TQQQ,CLOSED,2025-04-29 09:30:00,2025-11-07 16:00:00,882.0,51.93,96.85,45802.26,39619.439999999995,0.0,86.50105911804351,br7.1 TQQQ Strategy,sr8 TQQQ Strategy Exit,Imported,0.0,0.0,0.0
2025-254,LLY,CLOSED,2025-11-10 12:30:00,,36.0,975.7622222222222,1080.297,35127.44,3763.2519999999977,4584.519472656248,10.713140496432413,br1.2 Cup w Handle,,,0.0,0.0,0.0
2025-255,GOOGL,CLOSED,2025-11-19 16:00:00,2025-11-20 16:00:00,60.0,292.68,290.88375,17560.8,-107.7750000000002,-193.79926757812427,-0.6137248872488738,br1.1 Consolidation,sr3 Portfolio Management,Auto-Import,0.0,0.0,0.0
2025-256,AMD,CLOSED,2025-11-20 16:00:00,2025-11-20 16:00:00,40.0,231.24,211.71,9249.6,-781.2,0.0,-8.445770627919046,ns No Setup,sr1 Capital Protection,Auto-Import,0.0,0.0,0.0
2025-257,HOOD,CLOSED,2025-11-20 16:00:00,2025-11-20 16:00:00,76.0,121.93,113.008,9266.68,-678.0720000000008,0.0,-7.317313212498982,ns No Setup,sr1 Capital Protection,Auto-Import,0.0,0.0,0.0
2025-258,NBIS,CLOSED,2025-11-20 16:00:00,2025-11-20 16:00:00,92.0,100.615,92.72799999999998,9256.58,-725.604,0.0,-7.838791432688963,br1.4 Double Bottom,sr1 Capital Protection,Auto-Import,0.0,0.0,0.0
2025-259,WDC,CLOSED,2025-11-20 16:00:00,2025-11-20 16:00:00,58.0,159.77,147.9,9266.66,-688.4600000000003,0.0,-7.429429805345186,br4.1 PB 21e,sr1 Capital Protection,Auto-Import,0.0,0.0,0.0
2025-260,NVDA,CLOSED,2025-11-20 16:00:00,2025-11-20 16:00:00,50.0,195.208,181.78,9760.4,-671.3999999999999,0.0,-6.8788164419491,br6.1 Gapper,sr1 Capital Protection,Auto-Import,0.0,0.0,0.0
2025-261,GEV,CLOSED,2025-11-20 16:00:00,2025-11-20 16:00:00,15.0,622.3757999999999,588.295,9335.637,-511.2120000000005,0.0,-5.475919854210275,br3.2 Reclaim 50s,sr1 Capital Protection,Auto-Import,0.0,0.0,0.0
2025-262,MEDP,CLOSED,2025-11-24 10:00:00,,45.0,615.2966666666666,605.63,27688.35,-435.0,-137.55080566406104,-1.571057863686352,br8.1 Daily STL Break,sr1 Capital Protection,Rebound from the 21e and a break of a daily STL. Swing Trader Idea generation. Starting a 2.5% position as I'm very cold at the moment. RS is strong on the stock,0.0,0.0,0.0
2025-263,WDC,OPEN,2025-11-25 09:40:00,,120.0,154.29,0.0,18514.8,0.0,1084.8002197265632,5.8590976933402645,br3.1 Reclaim 21e,,Reclaim of the 21e. Showing RS in downturn. Hot group,0.0,0.0,0.0
2025-264,SPXL,OPEN,2025-11-25 09:35:00,,270.0,216.1927,0.0,58372.029,0.0,1765.0698464355446,3.023828153096314,br3.1 Reclaim 21e,,SPY reclaims the 21e. Rotation to RSP ,0.0,0.0,0.0
2025-265,TQQQ,OPEN,2025-11-25 09:30:00,,875.0,52.798,0.0,46198.25,0.0,1524.2508010864258,3.299369134299299,br3.1 Reclaim 21e,,,0.0,0.0,0.0
2025-266,AMKR,OPEN,2025-11-25 12:00:00,,1090.0,33.988133027522935,0.0,37047.064999999995,0.0,2618.034334716802,7.066779337895735,br3.1 Reclaim 21e,,Showing RS with green signal. Above the 21e. Using the 10W as my stop. Hasn't closed below it since the uptrend. ,0.0,0.0,0.0
2025-267,NVDA,OPEN,2025-11-25 22:16:00,,104.0,177.40215,0.0,18449.823599999996,0.0,-41.82359999999608,-0.2266883462235166,ns No Setup,,Just conviction buy. Stock chart doesn't look great,0.0,0.0,0.0
2025-268,AMD,OPEN,2025-11-25 12:40:00,,45.0,200.72,0.0,9032.4,0.0,756.4499450683597,8.3748499299008,ns No Setup,,Just conviction and no chart setup,0.0,0.0,0.0
2025-269,SOFI,OPEN,2025-11-26 12:01:00,,1300.0,28.7275,0.0,37345.75,0.0,1290.2491073608398,3.454875340194908,br3.2 Reclaim 50s,,Adding here using the 10W reclaim. a Flush and a powerful reclaim. RS is green on the weekly chart,0.0,0.0,0.0
2025-270,HOOD,OPEN,2025-11-26 12:27:00,,291.0,126.62907216494844,0.0,36849.06,0.0,541.5315985107445,1.4695940643010827,br1.4 Double Bottom,,On HOOD news DB entry,0.0,0.0,0.0
2025-271,GDX,OPEN,2025-11-26 13:11:00,,465.0,79.47999999999999,0.0,36958.2,0.0,1743.751560974124,4.7181723162224465,br3.1 Reclaim 21e,,,0.0,0.0,0.0
2025-272,PWR,CLOSED,2025-11-26 13:13:00,2025-11-28 08:52:00,20.0,457.31000000000006,459.669,9146.2,47.17999999999961,44.19978027343677,0.5158426450329056,br3.1 Reclaim 21e,,,0.0,0.0,0.0
2025-273,CIEN,OPEN,2025-11-26 13:12:00,,46.0,201.47000000000003,0.0,9267.62,0.0,126.04030883788982,1.3600073032546631,br8.1 Daily STL Break,,Break of STL and RS above moving averages,0.0,0.0,0.0
2025-274,FIX,OPEN,2025-11-26 12:57:00,,10.0,980.76,0.0,9807.6,0.0,-38.199975585937864,-0.3894936129729787,br3.1 Reclaim 21e,,,0.0,0.0,0.0
2025-275,CLS,OPEN,2025-11-28 18:50:00,,28.0,337.701,0.0,9455.628,0.0,187.8521025390619,1.9866697647058649,br3.1 Reclaim 21e,,,0.0,0.0,0.0
2025-276,BE,OPEN,,,89.0,102.0,0.0,9078.0,0.0,644.3598098754883,7.098037121342678,br3.2 Reclaim 50s,,,0.0,0.0,0.0
