Date,Open,High,Low,Close,Volume
,NRG,NRG,NRG,NRG,NRG
2023-01-03,29.55900299212043,29.84643321114702,29.132493748951024,29.605363845825195,4230400
2023-01-04,29.688810184212862,29.948423878513754,29.33647478696786,29.753713607788086,3929900
2023-01-05,29.614638562706887,29.846435777216694,29.39211175124932,29.4384708404541,2494800
2023-01-06,29.77226320438043,30.12459866382683,29.521919867692613,29.855710983276367,3177400
2023-01-09,30.02260061893319,30.43983943111007,29.874249434267107,30.263669967651367,3557300
2023-01-10,30.133866007542096,30.48620143121309,29.7815305838711,30.4676570892334,2812300
2023-01-11,30.504747570261546,30.606736151700748,29.71662890606778,29.939157485961914,6663100
2023-01-12,30.096777432190496,30.48620154122616,29.762986349294668,30.245128631591797,2810800
2023-01-13,29.883524669433594,30.189501026844265,29.002689589067593,29.559005737304688,3723800
2023-01-17,29.623911071505127,30.03187601291229,29.58682238493034,29.809350967407227,3147900
2023-01-18,29.976243316914672,30.106050169084103,29.271572495178557,29.32720375061035,2212500
2023-01-19,29.253029803974865,29.38283843195225,28.576177224503397,28.770889282226562,2648600
2023-01-20,28.724526434656966,29.929880308180103,28.43709622207573,29.86497688293457,3682300
2023-01-23,30.15241219102514,30.476929353060097,30.01333138616913,30.059690475463867,5232600
2023-01-24,30.208041199688253,30.569646999818186,29.65172159128185,30.504743576049805,2931300
2023-01-25,30.28221613539059,30.782902740219328,29.920610322004766,30.736543655395508,4950700
2023-01-26,30.884900394562756,31.061066363313387,30.449117137634456,31.051795959472656,5119800
2023-01-27,31.061062961154512,31.339221026546632,30.755086613342993,31.292861938476562,2937000
2023-01-30,31.15378287300156,31.543207015824326,31.00543166072905,31.107423782348633,3267900
2023-01-31,31.293095404298313,32.16521375034012,31.13367769109369,32.09019470214844,8191500
2023-02-01,31.88388920972038,32.587210295228914,31.499407159400086,32.4465446472168,3155800
2023-02-02,32.662230835118024,33.262397550595885,32.46529822506526,32.77476119995117,3840900
2023-02-03,32.577828100672235,32.84040011159951,32.07143615621935,32.2871208190918,2910300
2023-02-06,32.080819259559746,32.58721131552716,31.79011549123767,32.521568298339844,3641400
2023-02-07,32.39965856047575,32.99044929710111,32.08081951278798,32.83102798461914,3162800
2023-02-08,32.64347718527101,32.77476321519479,32.390281165871144,32.62472152709961,2957300
2023-02-09,32.63409289515426,32.94355584476091,32.15583620072414,32.249610900878906,5367300
2023-02-10,32.31525882537884,32.7747635115429,32.10895373818008,32.690364837646484,3164900
2023-02-13,32.54969857636153,33.40306133980365,32.54032253600545,33.346797943115234,2831400
2023-02-14,33.33741383695265,33.3936808033413,32.64347247120354,32.91542053222656,3506800
2023-02-15,32.61534226956927,33.63750239890483,32.60596622901803,33.59999465942383,4299800
2023-02-16,33.018577786784135,33.112356072443376,31.490029291934555,31.95890998840332,9220700
2023-02-17,31.912017755301303,32.334011080366,31.583802712070806,32.09019470214844,5295900
2023-02-21,31.89327552409545,32.5403334206592,31.89327552409545,31.940166473388672,3539300
2023-02-22,31.790116946612688,31.902647327331792,31.002397127026363,31.086795806884766,4113600
2023-02-23,31.0399011298092,31.677579172525686,31.0305250897439,31.42438316345215,5426500
2023-02-24,31.096171471972372,31.649450904957497,30.927374114297166,31.508785247802734,3798700
2023-02-27,31.77135727437076,32.00579762467133,30.946126239675507,30.964881896972656,4286600
2023-02-28,30.936753838679884,31.264968936797487,30.60853516328601,30.74920082092285,4249000
2023-03-01,30.50537723638216,30.974257936983303,30.41160252717227,30.964881896972656,3057200
2023-03-02,30.946129369371718,31.00239634695365,30.542891639891746,30.711688995361328,3355400
2023-03-03,30.955504440383688,31.818246849892752,30.58977804075119,31.546295166015625,3127600
2023-03-06,31.743222211202266,32.44654326678822,31.715090513707107,32.240238189697266,4683100
2023-03-07,32.2402359527227,32.69973700721542,32.06205900821376,32.14645767211914,3823100
2023-03-08,32.24024794735012,32.32464664265511,31.527547058713143,31.818254470825195,2870000
2023-03-09,31.82762188640415,31.91202055883167,30.889860449332154,30.955503463745117,3221700
2023-03-10,30.833597729994604,31.00239507855821,29.595751103407522,29.661394119262695,3963200
2023-03-13,29.145625666988476,30.19591927339583,28.91118530551378,28.958072662353516,4084600
2023-03-14,29.511349537871325,30.083386332012367,29.248777500175066,29.614503860473633,8759000
2023-03-15,29.323801155649914,29.323801155649914,28.66736742105611,28.90180778503418,7202200
2023-03-16,28.58296958945158,29.98961181478252,28.36728487750731,29.642641067504883,7914500
2023-03-17,29.895833275119973,29.952100248125227,29.145624854762843,29.520729064941406,11156100
2023-03-20,30.5428902129534,31.80886674255366,30.06463344631749,31.53691864013672,8578500
2023-03-21,31.66820722092873,31.8932679843107,31.00239739478226,31.124303817749023,5179200
2023-03-22,31.002393502924328,31.10554425311426,29.923966450496405,29.970853805541992,3367000
2023-03-23,30.036502016666486,30.224055046585697,28.84554617918574,29.079986572265625,3830600
2023-03-24,28.742387746352705,29.548863156221238,28.601723888236517,29.530107498168945,3571000
2023-03-27,29.75516772013156,30.33657876553599,29.605126044631202,30.252180099487305,3991900
2023-03-28,30.270939157128268,30.89924120325497,30.270939157128268,30.60853385925293,2163100
2023-03-29,30.86172557856852,31.20869627298161,30.758571258730022,31.11492156982422,2311200
2023-03-30,31.386870125674783,31.555667436552664,31.1524298135972,31.368114471435547,3919200
2023-03-31,31.490035774584427,32.193356964075754,31.321238402924383,32.155845642089844,3529200
2023-04-03,32.21210319969527,32.24961451487101,31.565049110655266,31.761978149414062,2539100
2023-04-04,31.64944798884721,31.743222700126015,30.98363823785028,31.461894989013672,2338500
2023-04-05,31.415008799523303,32.305882898845596,31.29309880851472,32.26837158203125,1992300
2023-04-06,32.46529431969473,32.71849029306828,32.334008313636296,32.65284729003906,2270500
2023-04-10,32.50281537455078,33.10298219778063,32.38090537068332,32.99045181274414,1875700
2023-04-11,33.2155077256731,33.712523710018175,33.121733014734886,33.459327697753906,2385400
2023-04-12,33.609370166503,34.059495228614864,33.421817162970726,33.53434753417969,2973100
2023-04-13,33.449950167368975,33.890699206285646,33.290532433372135,33.67501449584961,2896900
2023-04-14,33.35617224734686,33.74065427290207,32.76538157193614,33.018577575683594,3442200
2023-04-17,33.28115889185336,33.29991097479847,32.63410113467829,32.924808502197266,6666000
2023-04-18,32.96231998102624,33.02796300347878,32.21210787766619,32.50281524658203,5163500
2023-04-19,32.34339290555082,32.83102569528086,32.06206161811499,32.671607971191406,3597700
2023-04-20,32.6809871472877,32.737254125629164,32.380903750685775,32.41841506958008,2127400
2023-04-21,32.4652963018821,32.540318925510526,32.04330298716113,32.25899124145508,1826500
2023-04-24,32.240240348822724,32.84978315811937,31.958912623203027,32.821651458740234,2497400
2023-04-25,32.70913082173869,32.79352952227843,31.883899480603116,31.940166473388672,2199800
2023-04-26,31.677576665384414,31.85575360800602,31.227451655082174,31.321229934692383,3409800
2023-04-27,31.37750025831911,32.02455801013813,31.37750025831911,31.949535369873047,2494000
2023-04-28,31.767461646493537,32.44074130873326,31.767461646493537,32.402809143066406,1901000
2023-05-01,32.29849828012983,32.66832781941133,32.11832231772389,32.241600036621094,2398800
2023-05-02,32.22263792049787,32.22263792049787,31.293321533295334,31.60625648498535,3600100
2023-05-03,31.86228678970229,32.36487891517914,31.596768878634677,31.710561752319336,3842000
2023-05-04,31.30280058254678,31.56832211565988,28.941579420966153,29.75710105895996,11045700
2023-05-05,29.889864804409058,29.984693416055958,29.25451545769174,29.662277221679688,5937400
2023-05-08,29.84244846861952,29.994173518049585,29.463135845044352,29.690723419189453,5725700
2023-05-09,29.529516931467352,30.003658188857415,29.453654402633155,29.681241989135742,5847900
2023-05-10,29.965725373695342,30.620040761722944,29.719171723008056,30.487281799316406,5739300
2023-05-11,30.401935146029803,30.411416378400393,29.263995538813667,29.4346866607666,5276700
2023-05-12,29.453654731959546,31.35022159143099,29.036411723058883,31.09418487548828,7645900
2023-05-15,33.294199341007875,33.351093976184984,31.170044937402498,32.032981872558594,12745400
2023-05-16,32.32694876239509,32.50712112505436,31.653669093214663,31.77694320678711,8308300
2023-05-17,32.10884143489001,32.10884143489001,31.037281350325923,31.682113647460938,6236700
2023-05-18,31.37866683614076,31.786428584503714,30.951939004434116,31.729530334472656,3605100
2023-05-19,31.88125637347319,32.43126195528187,31.558840181443085,31.75798225402832,2766700
2023-05-22,31.84332961200905,32.45971109609423,31.577808039448346,32.27005386352539,4913900
2023-05-23,32.307983737395105,32.307983737395105,31.79591033107552,32.061431884765625,5510900
2023-05-24,31.966598980872202,32.41229286846586,31.501942628513547,32.232120513916016,3633200
2023-05-25,32.19419033286667,32.19419033286667,31.236423019768374,31.729530334472656,5126300
2023-05-26,31.74849854766524,32.18470764160156,31.217459030648783,32.18470764160156,6586600
2023-05-30,32.39332837199801,32.61143290157502,32.05194611095209,32.28901672363281,4478800
2023-05-31,32.13728818306462,32.33642660789265,31.198490684641,32.04246139526367,16179500
2023-06-01,32.64936403971572,32.64936403971572,30.43038303019922,30.72435188293457,7721000
2023-06-02,30.496765003403755,31.634704724949327,30.041589838267658,31.57780647277832,6747200
2023-06-05,31.682116810216783,32.42177597065896,31.350219396533884,31.407114028930664,3632400
2023-06-06,31.539867818067908,31.824355403003608,31.236417770385742,31.236417770385742,3761800
2023-06-07,31.445050209979716,32.34591938451566,31.179532245135384,32.307987213134766,5652000
2023-06-08,32.39332943199354,32.440742832599085,31.814876539338382,32.194190979003906,3307300
2023-06-09,32.32694796841622,32.421774763821446,31.881254071708838,32.317466735839844,2145400
2023-06-12,32.24160032120019,32.91487993031741,32.118322601214885,32.507118225097656,3115100
2023-06-13,32.4976408699265,32.59246767051359,32.04246571576944,32.57350158691406,3256300
2023-06-14,32.7631566883225,32.96229512713328,32.21315476911982,32.56401824951172,2583800
2023-06-15,32.51660373753678,32.772640414691814,32.2984992238292,32.592464447021484,4066400
2023-06-16,32.84850745304171,32.90540570917539,32.31747153210434,32.35540008544922,11338600
2023-06-20,32.32695498298322,32.611439048338944,31.748502000226914,31.786434173583984,4591200
2023-06-21,31.625223012720564,32.36488589470561,31.23642729449434,32.12781524658203,3333400
2023-06-22,33.4079901620042,33.749372421590145,32.82005605794532,33.11402130126953,9328100
2023-06-23,33.37004945773048,34.0717798803767,32.63039049615409,32.89590835571289,10853000
2023-06-26,33.31316670278019,34.22351707463316,33.10454338603483,34.052825927734375,10177800
2023-06-27,34.38471600137091,34.99161973661808,33.79678196439246,34.69765090942383,9541700
2023-06-28,34.53644214163334,35.02006817555916,34.07178580658634,34.66920471191406,8213300
2023-06-29,34.67868973919121,35.37093551021178,34.526964688247126,35.247657775878906,4659100
2023-06-30,35.351964304267334,35.57955365641168,34.94420261067414,35.456275939941406,5011600
2023-07-03,35.29507425790125,35.76921548708354,35.20024384161849,35.67438507080078,1704900
2023-07-05,35.40886687020989,36.5847387012823,35.380419554247084,36.36663055419922,5700000
2023-07-06,36.01576098706925,36.18645208888459,35.617484161106695,35.845069885253906,3784500
2023-07-07,35.63645923545478,36.594222999677186,35.63645923545478,36.148529052734375,3979800
2023-07-10,36.12956445200333,36.22439487940256,35.71232142367951,35.873531341552734,2909600
2023-07-11,35.90197936127784,36.19594464842145,35.70284088597197,36.0252571105957,2921400
2023-07-12,36.15800777022327,36.48042392062381,35.901971096310184,35.939903259277344,3086600
2023-07-13,35.87353068133192,36.243360297855205,35.14335268214533,35.342491149902344,3779200
2023-07-14,35.26662650123365,35.26662650123365,34.3847234461173,34.56489944458008,3320800
2023-07-17,34.526964320583744,34.82093318627468,34.27092762157755,34.47006607055664,5771200
2023-07-18,34.42264535744289,35.34248030836104,34.42264535744289,35.04851150512695,4179300
2023-07-19,35.086450376008685,36.08214621725117,35.01058604424409,36.034732818603516,4415900
2023-07-20,36.37611800721259,36.897672669174526,36.214908097930845,36.70801544189453,4545400
2023-07-21,36.95456599898523,36.95456599898523,36.16748987673214,36.224388122558594,2665900
2023-07-24,36.23387172818715,36.300251210627486,35.87352699991404,35.92094039916992,5099000
2023-07-25,35.930421494853995,36.52784045194622,35.797662530480274,36.36663055419922,4699300
2023-07-26,36.40456134138036,36.95456687856296,36.3571479441016,36.508872985839844,3720200
2023-07-27,36.37611872973285,36.68905008616131,35.33300576767944,35.3899040222168,5118000
2023-07-28,35.82611077663495,35.98732067856762,35.351969538755036,35.75973129272461,5868800
2023-07-31,35.891925819033574,36.3900260925293,35.796135196800584,36.3900260925293,6862600
2023-08-01,36.33254832856087,36.58159661504772,35.9972903171289,36.22718048095703,3205500
2023-08-02,35.930226677923855,36.006859150679624,35.54707527625726,35.79612350463867,3017200
2023-08-03,35.54708558969511,36.38044387549434,35.28845640016325,36.07392120361328,3156500
2023-08-04,36.1409664896563,36.71569913945734,35.83444387137755,35.93981170654297,4367800
2023-08-07,36.227176204424566,36.48580534872936,35.93023081932547,35.93981170654297,3245900
2023-08-08,35.80570875839932,36.16970208627756,34.646666217829335,35.23097610473633,5218100
2023-08-09,35.44171866352362,36.572022415926654,35.24056383997018,35.6524543762207,4057700
2023-08-10,35.662028839962275,35.99729050720277,35.2884545812403,35.374664306640625,2102300
2023-08-11,35.41297703899057,35.74823501893327,34.96277033389215,35.116031646728516,2383000
2023-08-14,34.895714029398384,35.48960107975093,34.46466550332096,35.441707611083984,2694800
2023-08-15,35.058556277259505,35.47044672880975,34.82866614162643,35.39381790161133,2973400
2023-08-16,35.537502494271806,35.796131667745335,35.28845420909633,35.58539962768555,2267600
2023-08-17,35.63329169821255,36.0930756593074,35.00108829495238,35.22140121459961,2494200
2023-08-18,35.11603748129984,35.48003453002898,34.81909203969995,34.91488265991211,2340600
2023-08-21,34.914874894939274,35.38423604045934,34.77119082359525,35.31718444824219,2579000
2023-08-22,35.40339279174805,35.64286379870636,35.2692896124974,35.40339279174805,1692600
2023-08-23,35.74823593020507,35.80571029424803,35.48960677306878,35.69076156616211,1660700
2023-08-24,35.77696554579008,36.150543371082136,35.441707611083984,35.441707611083984,2246700
2023-08-25,35.49918756537939,35.90149715048509,35.49918756537939,35.594974517822266,1842000
2023-08-28,35.84402191179528,36.17928354523906,35.65244801158504,36.016441345214844,2098600
2023-08-29,35.94939206568318,36.3900215650567,35.460872742209304,35.55665969848633,2207600
2023-08-30,35.412984368428845,36.13139760617167,35.317193744306586,35.87276840209961,1688900
2023-08-31,36.05475753763698,36.2559123250058,35.77697026705837,35.96854782104492,3908500
2023-09-01,36.17928499673916,36.84980463648981,36.17928499673916,36.83064651489258,3226400
2023-09-05,36.82106410323674,36.93601282806295,35.882338108050206,36.3708610534668,4100100
2023-09-06,36.24633894083962,36.67738756957554,36.07391948934525,36.418758392333984,1625500
2023-09-07,36.62949146485937,37.00306569831638,36.390020427613806,36.73485565185547,3315700
2023-09-08,36.80191052462738,37.922636978759655,36.70612356282116,37.846004486083984,3782000
2023-09-11,37.84600192864902,37.84600192864902,37.02222461228234,37.21379852294922,2427300
2023-09-12,37.22338529495646,37.44369825027962,37.04138493540002,37.060543060302734,1543200
2023-09-13,37.06053857741386,37.204222669784656,36.868964659637136,37.12759017944336,2513500
2023-09-14,37.232951832317575,37.520316315213016,37.00306170761628,37.491580963134766,2130300
2023-09-15,37.529902446797806,37.70232189143851,37.33832488008168,37.453269958496094,3521700
2023-09-18,37.491583509899314,38.095051522799054,37.35748031904113,38.07589340209961,1781700
2023-09-19,38.11421485414118,38.430314753801625,37.51074675874056,37.53948211669922,1591300
2023-09-20,37.72148203792459,38.085475414777804,37.213800910775234,37.25211715698242,2080300
2023-09-21,37.146747760196384,37.146747760196384,36.21760257960961,36.29423141479492,2221700
2023-09-22,36.31339297906885,37.12759315703259,36.179289764254925,37.00307083129883,1743200
2023-09-25,36.7923335774669,37.55864024001779,36.65823036827529,37.53948211669922,1451900
2023-09-26,37.338327522898304,37.45327260944856,36.504969250841704,36.68696594238281,2541900
2023-09-27,36.878537197152795,37.34790200562046,36.41875327577673,36.955169677734375,2752100
2023-09-28,37.031805576920924,37.12759254190429,36.56244067881004,36.667808532714844,2606100
2023-09-29,36.849807782365026,37.185065803842356,36.50496887225213,36.897701263427734,1731800
2023-10-02,36.84980628567756,36.926435121457864,35.46087346704151,35.987709045410156,3298700
2023-10-03,35.614132168982835,36.437913103653855,35.269293298279806,36.25591278076172,3245600
2023-10-04,36.294229955458434,36.533700993595836,35.068139409487124,35.88233947753906,3235100
2023-10-05,35.89192667354677,37.44369825027962,35.87276854864406,37.060543060302734,4142300
2023-10-06,36.5049658353687,37.66400478924119,36.41875611501235,37.3287467956543,3731800
2023-10-09,37.34790678362909,38.037580926905996,37.34790678362909,38.02800369262695,2904700
2023-10-10,37.97052728676053,38.27704992377275,37.81726596825441,38.1812629699707,2902700
2023-10-11,38.31536611249262,39.54145665880021,38.29620799095181,39.53187942504883,3097200
2023-10-12,39.40735355620006,39.6755599503361,39.08167279730427,39.62766647338867,2969300
2023-10-13,39.83840774113946,39.90545934907241,39.09125916472171,39.282833099365234,2302200
2023-10-16,39.49356286978539,40.01082118518445,39.18704023563144,39.79050827026367,2290100
2023-10-17,39.541461577356856,40.25029754638672,39.493568094566385,40.25029754638672,3206100
2023-10-18,40.087450686794234,40.22155753876156,39.66598297129693,39.72345733642578,2447100
2023-10-19,39.62766391597229,39.943767420693725,39.03377680126765,39.04335403442383,2159200
2023-10-20,39.062518701393884,39.26367717176482,38.669786303490156,38.82304763793945,2044000
2023-10-23,38.4973609968762,39.15830337018321,38.41115128096824,38.928409576416016,3559900
2023-10-24,39.44567091828341,40.3173453779894,39.29240959528143,40.298187255859375,3373200
2023-10-25,40.269449313536064,40.844178324374276,39.828823494957575,40.068294525146484,3055500
2023-10-26,40.09703345712125,40.64302716234503,40.04913997761777,40.42271423339844,2979500
2023-10-27,40.3556632966079,40.5280827488936,39.75219521360794,39.90545654296875,3215800
2023-10-30,39.742617367812606,40.63344631886754,39.742617367812606,40.47060775756836,2435400
2023-10-31,40.536325086892695,41.00025971070692,40.17870950568635,40.96160125732422,2533600
2023-11-01,41.56085685787931,42.67236962074898,41.41587564984403,42.39207458496094,6356500
2023-11-02,41.328885548636386,44.71174581753831,40.33335927792185,43.61956787109375,9339700
2023-11-03,43.88052961540784,44.21881415049235,42.8173428006674,43.49391555786133,8358000
2023-11-06,44.11249685992511,45.253004319453765,43.88053136576423,44.20915222167969,9752400
2023-11-07,44.56676562572771,44.89538646529661,43.54224096424235,43.89985656738281,6836000
2023-11-08,43.67755156777415,44.247805227273524,43.522906695046764,44.151153564453125,6638200
2023-11-09,44.02550769140863,44.286471630575655,43.513247192502035,43.56157302856445,3557200
2023-11-10,43.97717923273749,44.112493040452726,43.58090150141799,44.02550506591797,4161400
2023-11-13,44.131823152828886,44.71174051245148,43.909521375406065,44.54743194580078,4433800
2023-11-14,45.214335460255136,45.755594344626665,44.66341288465578,45.736263275146484,3864600
2023-11-15,45.523632659176165,46.25819867171977,45.51396896636446,45.9199104309082,3541600
2023-11-16,46.38384274259454,46.954096406661876,45.852247531750265,45.97789764404297,3818200
2023-11-17,46.22919996772422,46.64480508967185,46.016561873731405,46.47083282470703,3297100
2023-11-20,46.258198049104976,46.422506633868274,45.00170784006337,45.707275390625,4736200
2023-11-21,45.523629038345334,45.65894653612222,43.39726283448447,43.68722152709961,5221200
2023-11-22,43.851527711454935,44.315462331763456,43.53257427306609,44.29613494873047,2967600
2023-11-24,44.19948489927707,44.354129791259766,43.774212368080896,44.354129791259766,1164200
2023-11-27,44.36380067853518,45.117694125678476,43.93852442668996,44.90505599975586,3304200
2023-11-28,44.68274864799877,45.65894748066147,44.68274864799877,45.21434020996094,4800100
2023-11-29,45.09835802956102,45.70727388514996,44.963044214324576,45.28199768066406,2005400
2023-11-30,45.330330399153965,46.37418253815441,45.17568550126408,46.238868713378906,4998700
2023-12-01,46.12287834020514,46.77045259091614,46.11321096173282,46.751121520996094,3010200
2023-12-04,46.345182706709025,46.91543639666946,45.9972308027298,46.47083282470703,2762800
2023-12-05,46.4321752948114,47.050754880206945,46.21953717969724,46.64480972290039,3773000
2023-12-06,46.77045327077772,47.09907409014626,45.92957199566766,45.93923568725586,3025500
2023-12-07,45.91990692944527,46.26785883653668,45.63961561497704,45.881248474121094,2156800
2023-12-08,45.755598428992236,46.22920045597139,45.755598428992236,46.209869384765625,3289600
2023-12-11,46.122881970959426,46.3645148334443,46.01656292154211,46.27752685546875,2127600
2023-12-12,46.113215834642034,47.17640267044706,46.006896782359036,47.07008361816406,3459700
2023-12-13,47.07008617879877,47.524353490049876,46.838116989650715,47.118412017822266,3431600
2023-12-14,47.33105118063144,47.524354541000136,46.277531643710894,46.59648513793945,3478500
2023-12-15,46.53848975701553,47.4663590434882,46.39350856793083,47.12807083129883,6301700
2023-12-18,47.01209194291264,47.80464748423612,47.01209194291264,47.64033889770508,4394800
2023-12-19,47.7563185325057,48.519879258662456,47.72732376901426,48.365234375,3534600
2023-12-20,48.200919946621276,48.655190885043964,47.698323175542384,47.72732162475586,2517700
2023-12-21,47.968955391787574,48.45222110163465,47.872300037603296,48.41355895996094,3504000
2023-12-22,48.51988327524683,48.54887804113852,48.08494335174561,48.326576232910156,2251700
2023-12-26,48.326574715022005,49.30276990197443,48.326574715022005,49.109466552734375,1786500
2023-12-27,49.003144332377964,49.54439957452005,49.003144332377964,49.505741119384766,1735400
2023-12-28,49.525076293554775,50.18231432960368,49.40908985746516,50.124324798583984,1753700
2023-12-29,49.979340663696625,50.414280555943265,49.78603363525091,49.96967697143555,2387700
2024-01-02,49.77636949492664,50.153316169139,49.23511055755577,49.53473663330078,4995800
2024-01-03,49.6313916686276,50.02766944108446,49.293107114222394,49.94068145751953,3400800
2024-01-04,50.13398490970408,50.36595407828569,49.56373121092519,49.57339859008789,2048900
2024-01-05,49.67005163817116,50.11465522934907,49.58306365841679,49.99867248535156,2502500
2024-01-08,50.15331942555968,50.665579945619264,49.78603641967398,50.491607666015625,2855200
2024-01-09,50.20164427786251,50.34662547621467,49.79570282171654,49.989009857177734,3163300
2024-01-10,50.09532345157859,50.27896308738966,49.20611266017447,49.235107421875,3257200
2024-01-11,49.177119246372584,49.177119246372584,48.548872354127475,48.81949996948242,2933800
2024-01-12,49.17712108040567,49.29310382173691,48.76151226302512,49.02247619628906,2655800
2024-01-16,48.76150910798473,49.55406454867936,48.55853840203175,49.235107421875,3341700
2024-01-17,48.95481744638083,50.28862813902347,48.819499951727835,49.515403747558594,3126700
2024-01-18,49.34143210438431,49.47674592382074,48.742183609583655,49.25444412231445,2982700
2024-01-19,49.38009342380112,50.78156480615942,49.2351122270994,50.76223373413086,3050900
2024-01-22,50.94587144604761,51.303490734407745,50.45294203269491,50.92654037475586,2904100
2024-01-23,50.936210258654334,51.032861932841,50.539932495248955,50.829891204833984,2159800
2024-01-24,51.129512598212216,51.13917628993334,50.095324293891764,50.28862762451172,4963600
2024-01-25,50.9845357682409,51.912405107762694,50.829890878320604,51.89307403564453,3403400
2024-01-26,51.94140813808941,52.45366868978899,51.73843370646899,52.4343376159668,2463000
2024-01-29,52.49232214847873,52.85960142922945,51.66110454684075,52.62763595581055,2840900
2024-01-30,52.56964303064251,52.81127588420275,51.902737682145144,52.2216911315918,2397300
2024-01-31,52.375569083233714,52.70669035293208,51.245861877512056,51.6548957824707,7182200
2024-02-01,51.69385327598346,53.183897165980724,51.489334461312474,52.83329772949219,2907600
2024-02-02,52.52164686706992,53.914303470504734,52.297653641248175,53.30075454711914,2890900
2024-02-05,52.862512898479274,53.05729077519921,52.04444878831871,52.27818298339844,3277000
2024-02-06,52.27818178427822,52.53139041765092,51.74254542189367,52.12236022949219,2250900
2024-02-07,52.23922460237112,52.43400247140025,50.92448048781246,51.606201171875,3920300
2024-02-08,51.53802851252753,51.800978092499086,50.583620989896914,50.982913970947266,2834700
2024-02-09,50.91474576387827,51.197173522679485,50.62258078222292,51.00239562988281,1875300
2024-02-12,51.0510819202585,51.22638162735853,49.92137476065761,50.40831756591797,2521600
2024-02-13,50.20380367556762,50.97317421783021,49.97007320391751,50.56414031982422,2265300
2024-02-14,51.11925248482616,51.3432457082022,50.53491894486055,50.70048141479492,2055500
2024-02-15,50.84657029688655,51.119260812659185,50.43754009584614,50.66153335571289,2125200
2024-02-16,50.48623181435278,51.30429590198428,50.447275497065824,50.5446662902832,1862200
2024-02-20,50.20380351727054,50.9342177402621,50.07719734506326,50.34988784790039,2388200
2024-02-21,50.44727401352058,50.79787342863498,50.14537185112223,50.515445709228516,1994100
2024-02-22,50.69074339572925,50.807608624414996,50.35962215188742,50.525184631347656,2815400
2024-02-23,50.96343734182611,50.96343734182611,50.145373255343834,50.20380401611328,3043800
2024-02-26,50.25249304186239,51.68410599340078,50.23301860007419,51.39194107055664,3759900
2024-02-27,51.44063870692901,52.65799574508064,51.197167299298684,52.628780364990234,3572200
2024-02-28,52.09314840416861,54.625249771021366,51.576986450211415,53.271549224853516,4724900
2024-02-29,53.27154669391322,53.95326740339389,52.70669122417585,53.8753547668457,4440800
2024-03-01,54.3233395590976,55.27774703607344,54.05065276998418,55.22905349731445,4567800
2024-03-04,54.96610693927457,56.49510717350736,54.49864225445299,56.18346405029297,5358800
2024-03-05,56.22241686517406,58.78373710733424,56.14450794676599,58.442874908447266,7916000
2024-03-06,58.92981887845634,59.89396730383574,58.09228034251615,59.855010986328125,4651200
2024-03-07,60.254302370055676,60.27378052829775,58.686345924818,59.03694534301758,3659300
2024-03-08,59.06616456826674,59.387544892273034,58.46235280666661,59.144073486328125,3058700
2024-03-11,59.07590257377807,59.21224596850382,57.946195383806185,58.87138748168945,2574800
2024-03-12,58.822696081670934,60.702295726055794,58.6571335855706,60.67307662963867,2915400
2024-03-13,60.85811497843259,62.00729661009886,60.51725277706443,60.809417724609375,5874800
2024-03-14,60.955503724754,62.805884253250746,60.770466786428024,61.73461151123047,4970000
2024-03-15,61.393751862597526,63.11752618245614,60.92628719949091,62.2605094909668,17146500
2024-03-18,62.86432096287966,64.42253649908369,62.17285933580268,63.30256652832031,6886700
2024-03-19,63.020138525086075,65.20164026620611,62.17285906318278,64.91921997070312,5480100
2024-03-20,64.85104053447048,66.18526652241175,64.59783562038697,65.38668060302734,3537900
2024-03-21,65.87362895228362,66.17553114529346,64.81209709288885,65.28929901123047,3171300
2024-03-22,65.51328826879225,65.94180035770717,65.23086795218009,65.41590118408203,2197700
2024-03-25,65.98074101323246,66.77932680651845,65.70805426871868,66.35081481933594,3696800
2024-03-26,66.27291367536955,66.71115919436463,64.14010197457101,64.15957641601562,3471900
2024-03-27,64.69521602456915,65.1529434122782,64.27644494966054,64.88025665283203,2595400
2024-03-28,64.66601169492533,66.07814298194181,64.65627075752187,65.92232513427734,2571800
2024-04-01,65.83466580766299,68.35703340345539,65.15294885212857,68.31807708740234,3718100
2024-04-02,67.6850464642371,67.74347722022499,66.13657198930049,66.80854797363281,3194800
2024-04-03,67.36366248527119,71.11312040987673,67.36366248527119,70.12950134277344,5367400
2024-04-04,70.5385394698864,71.22025646773726,68.63946538290327,68.85371398925781,4514700
2024-04-05,69.14587755287762,71.17156138273492,68.89266521660609,70.8696517944336,3256300
2024-04-08,70.41193019377658,71.91170744391644,70.2463639987562,71.88249206542969,3315500
2024-04-09,72.25257499241081,72.7882076139513,69.52569234220618,70.8696517944336,3186900
2024-04-10,70.06132780301921,72.76872840294202,69.759418234501,71.2689437866211,5151200
2024-04-11,71.75589590163564,72.88559940631858,70.82096655736626,72.64212799072266,3657200
2024-04-12,72.3791815712327,74.12243778503284,71.6195519492751,71.9993667602539,4281600
2024-04-15,72.65187293967203,74.54121360667747,70.74305782761303,71.04496002197266,3903000
2024-04-16,71.1715540262152,72.95376627202326,70.62617309445211,72.57394409179688,3125800
2024-04-17,72.38891736692595,72.61290689074451,68.51284946664529,71.50267791748047,4217000
2024-04-18,71.72667229051606,72.13570243854629,68.61023407038039,68.67840576171875,4119400
2024-04-19,68.44468631022059,69.58413080435716,67.30524181608402,68.14278411865234,3987100
2024-04-22,68.6686725302672,69.7107297764067,68.22068606680283,68.55180358886719,2871600
2024-04-23,68.99979878262468,70.2950685172714,68.7660683004087,69.62308502197266,2800300
2024-04-24,69.94446612536737,71.46372534085549,69.49647962413773,70.71383666992188,3193300
2024-04-25,69.70099258377074,71.0839083622346,69.35039317089857,70.95730590820312,1809400
2024-04-26,71.09365577210188,71.28842993914024,69.90551403475651,70.90861511230469,1681800
2024-04-29,71.09365616076471,72.17466988310132,70.77227209625204,72.01884460449219,2151600
2024-04-30,71.77206336332404,72.46735738218217,71.03759690336949,71.16490173339844,2963400
2024-05-01,71.42931045057216,73.16264792633689,70.01913252359147,72.1343994140625,2253300
2024-05-02,72.7611402954187,74.1811056661534,71.70350689675062,73.57394409179688,2097900
2024-05-03,73.93627863125579,76.07112777005975,73.39766699042391,75.06246185302734,4253100
2024-05-06,76.15926948504807,76.76643109359394,74.77847647407201,76.27678680419922,4249100
2024-05-07,76.23762293683264,81.31033864420604,71.46849180355746,71.87979125976562,8170300
2024-05-08,72.54569671253972,76.53140076468343,72.34004701605608,74.2496566772461,5877400
2024-05-09,74.39656053547066,80.74234685463783,74.37697057834028,80.06664276123047,5891300
2024-05-10,81.1046692608098,82.71070172368698,80.88922460604223,81.91748046875,5319900
2024-05-13,82.34836616218026,82.69112311338155,79.7532576211075,80.75212860107422,3775500
2024-05-14,80.20374787268392,81.51599117466408,79.75327595686775,80.38002014160156,4112800
2024-05-15,81.29074651286139,84.21881725328606,81.29074651286139,82.7400894165039,3448100
2024-05-16,83.23952940812808,83.79772360059802,81.0655075622834,81.21240234375,3194100
2024-05-17,81.23199063056771,82.55403628682514,80.3114643789542,80.595458984375,2913500
2024-05-20,81.02633289141758,81.57473956236733,78.9894183767058,79.79243469238281,3271200
2024-05-21,79.60637313824944,81.32992320840471,79.60637313824944,81.31033325195312,2508600
2024-05-22,80.56607356159192,80.79131323741834,78.48998641523444,79.39093017578125,3748000
2024-05-23,80.67379811507324,81.10468752162362,78.55853846852881,79.41051483154297,3333800
2024-05-24,79.77284757336831,84.66929051898173,77.79468791074726,84.21881866455078,3639500
2024-05-28,84.66929382981672,85.76609978221913,81.68246799902569,82.11334991455078,3167100
2024-05-29,81.74121761119622,82.54423393461178,80.52690188413878,81.79997253417969,2596700
2024-05-30,81.79017233830034,82.99470048226355,80.85005627365072,82.88697814941406,2085100
2024-05-31,82.92616257023708,83.07305736093133,76.06134709229917,79.32238006591797,7793300
2024-06-03,78.96004013775678,79.12652488435022,75.02330310312027,76.71746826171875,4984900
2024-06-04,76.37470748129145,78.12763478042342,74.33779309398673,76.21802520751953,4322700
2024-06-05,76.65870703727116,80.29186668673644,76.65870703727116,79.8609848022461,4141400
2024-06-06,79.6847073694959,80.93819544518442,75.59128116967527,76.21802520751953,4747600
2024-06-07,75.90465983395565,77.60861986906318,75.72838759091839,76.27678680419922,2966400
2024-06-10,76.09072369576326,78.54874025335604,75.89486895797184,78.31371307373047,3877800
2024-06-11,77.53028558793545,79.39093563626002,77.17774105366848,79.37135314941406,2851700
2024-06-12,80.00786929215862,80.70317071788118,77.2952433724958,78.63687133789062,2910200
2024-06-13,79.32238172059287,79.35175918506866,76.15927605099432,77.73593139648438,2802500
2024-06-14,77.1973205780315,77.33442038156292,76.40409174745234,77.0112533569336,2393100
2024-06-17,76.58036921710367,77.23649828892991,75.47377573554208,76.92312622070312,3680300
2024-06-18,76.51181256974219,78.59770198604133,76.15926809012484,78.26473999023438,3623400
2024-06-20,78.47038787442898,80.00787058051178,77.72613396480705,79.04817199707031,2806300
2024-06-21,78.45081839599594,78.94046274625362,77.24629000695491,78.36267852783203,8998600
2024-06-24,78.11784587994534,80.94799671868405,77.79468633034789,79.87077331542969,4374900
2024-06-25,80.23313121164782,82.0056415383961,79.51824710443884,80.56608581542969,2952300
2024-06-26,80.28208044964025,80.60524000027173,77.7065467226458,77.8730239868164,3751300
2024-06-27,77.87301926013996,78.38225347083124,76.70767101030027,77.03083801269531,2733200
2024-06-28,76.99167508902453,77.72614156446966,76.01238645509768,76.2474136352539,6940800
2024-07-01,77.19732362667497,77.62820553848466,75.66962830054115,76.23761749267578,2607600
2024-07-02,75.87528237201259,77.05042567800835,75.7185926131444,76.27678680419922,2016300
2024-07-03,76.29638774982156,78.00034803037518,75.83612085607099,77.77510833740234,1289800
2024-07-05,78.21578376622813,78.33329361743873,75.30729540669955,75.5619125366211,2091600
2024-07-08,76.0515620675573,77.14836060159735,75.58150021626896,76.94271087646484,1884900
2024-07-09,77.00146680711653,79.20486635395399,76.59996233036584,77.61842346191406,2541600
2024-07-10,78.09826926672616,78.32350894198699,76.15927446649016,77.52049255371094,1726300
2024-07-11,77.5204840723815,78.21577803616404,77.11897218648222,77.98074340820312,2276700
2024-07-12,78.01991140663806,78.8425176149354,77.00145049089657,78.27452850341797,1870700
2024-07-15,77.99054408580895,77.99054408580895,73.1038960274842,73.82856750488281,3501800
2024-07-16,74.27904143846217,75.79694181060975,74.03421927981769,74.84703063964844,2484100
2024-07-17,73.72083847549528,73.77959339576277,70.8319403345408,71.03759002685547,4824800
2024-07-18,71.81123651167495,72.85907503934156,70.34230357729862,72.10501861572266,2779300
2024-07-19,72.47715164094444,73.80898473948686,72.08543470524741,73.35851287841797,3455900
2024-07-22,73.79919330152714,75.52274341844328,73.67188846665506,75.25833129882812,1704100
2024-07-23,74.95475026782013,75.85569398581477,74.48468845286953,75.02330017089844,3089300
2024-07-24,74.54344668403952,75.17019075469996,72.50652471870379,72.6534194946289,2495900
2024-07-25,72.93741268768956,73.44663943368992,71.03759055683032,71.5761947631836,2921300
2024-07-26,72.90802866489705,73.57394516958624,71.57619565551866,72.18335723876953,2006100
2024-07-29,72.80030722046277,73.4074688111568,72.16377564006814,72.79051971435547,1418200
2024-07-30,73.19203431228314,73.69147363421564,71.44890164632311,71.81124114990234,1632400
2024-07-31,75.51294327565323,76.84477634699864,73.08430430102955,73.61312103271484,4500200
2024-08-01,73.84746317960779,75.42287422500893,71.9668108448006,72.37051391601562,2337700
2024-08-02,71.51388290048344,72.20313041924965,68.11690249164822,68.92430114746094,4472200
2024-08-05,65.41901226373797,68.86522741288715,64.1094487041446,67.83135986328125,3751700
2024-08-06,68.3827493395782,71.38588257698841,68.31382533964515,70.09601593017578,3804900
2024-08-07,71.45481035407401,72.30159526210043,70.80495653637524,70.96249389648438,4235200
2024-08-08,72.67575848852202,77.441386059918,71.82897351730894,76.77183532714844,4501700
2024-08-09,76.49613861589906,79.22356866500213,75.14718872899769,79.05618286132812,3767100
2024-08-12,79.13494797514876,79.39094711748004,76.78167597195092,78.64263153076172,3414200
2024-08-13,79.37125212829568,81.60636532173326,78.77062550782632,80.60204315185547,3057400
2024-08-14,80.92698429662536,81.4586869893245,79.52879980301509,81.11405944824219,2534500
2024-08-15,80.94667559045472,82.05930814256729,80.3460488775731,81.47837829589844,2973200
2024-08-16,81.4192907043162,82.56146087501352,80.51342279606735,81.50790405273438,2529000
2024-08-19,81.5079174316803,81.60637922791307,79.41065187452354,81.07467651367188,1564200
2024-08-20,81.00575285688808,81.48822843118496,80.27712654701705,80.6611328125,1344700
2024-08-21,80.66113112759678,82.27592859798733,80.27712487013521,81.47837829589844,3486000
2024-08-22,81.57684185393248,81.93131033189077,80.42482305664481,80.59220886230469,2093200
2024-08-23,81.09436180775783,82.3842284322917,80.74974181404488,82.21684265136719,3005500
2024-08-26,82.25623305915131,84.06795398252738,82.00022640270807,82.46300506591797,3480500
2024-08-27,81.92146814685479,82.79779097526982,81.48823470575957,82.31532287597656,1812100
2024-08-28,82.30545692038878,82.70915999763903,78.71155300164196,79.0364761352539,2885300
2024-08-29,79.28262979420116,81.70483309422546,78.81001025674674,81.3503646850586,1883800
2024-08-30,81.72453704223074,83.86118879812885,81.68515082171582,83.70365142822266,2503800
2024-09-03,83.49687433127185,83.49687433127185,78.27831686850999,78.52447509765625,2872900
2024-09-04,78.43585555025861,80.09987993968615,77.75645648754919,77.91399383544922,1993900
2024-09-05,78.03215617884786,78.34723840173375,76.86044064116933,77.3232192993164,1526700
2024-09-06,77.33307028427316,78.37677877350598,75.18657022246114,75.33426666259766,3207500
2024-09-09,76.19089253733829,76.87029165506522,74.96010138908109,76.72259521484375,2483600
2024-09-10,77.09676277350093,77.24445170586387,76.19089475280666,76.74229431152344,1239200
2024-09-11,76.98844673632159,78.88878848151413,76.12196500038759,78.83955383300781,2340800
2024-09-12,78.8395628105705,79.83404422885005,78.33739788480409,78.57371520996094,1793500
2024-09-13,77.53984449836778,80.13927487486461,76.299204882991,79.7946548461914,2250700
2024-09-16,79.64695310112589,80.7595855516943,79.03647801085278,79.53864288330078,2381700
2024-09-17,80.09004000049083,81.55714849472704,79.52879952330787,80.07035064697266,2140300
2024-09-18,80.05066079927258,82.77809072997094,79.9915777147764,80.69066619873047,2735300
2024-09-19,81.72453616209857,82.17746642491204,80.00142847193385,80.57251739501953,1968400
2024-09-20,82.21685716062815,85.82061761925118,81.20268635208836,85.7516860961914,6334000
2024-09-23,86.48031165430307,89.1782037669175,85.19043741356357,86.64769744873047,4285300
2024-09-24,87.19908841384992,87.55355686367476,85.93875948654072,86.56892395019531,2103700
2024-09-25,86.75600462256263,88.33141574565181,85.9879921695662,87.86863708496094,2437500
2024-09-26,89.71975965535323,91.73825275286256,88.56773336191287,89.18805694580078,4386100
2024-09-27,89.07973974087444,90.5763784448029,88.83358151566462,89.8182144165039,2077200
2024-09-30,89.7985121357188,90.70438005909206,88.20341174034131,89.7000503540039,2715600
2024-10-01,89.41451357588377,91.48224872950583,88.51850151984688,91.22624206542969,3493900
2024-10-02,90.58622704943367,92.02379018593373,90.45822747645626,91.06869506835938,2229200
2024-10-03,91.73825448340388,93.1462799689221,91.38378600368226,92.604736328125,3029500
2024-10-04,93.03796542746173,94.7216868720482,92.46688402517422,93.88475036621094,2488400
2024-10-07,94.11121123549893,94.91860988599333,91.40347085111306,92.84103393554688,2307700
2024-10-08,93.02812911631736,93.36290073037914,91.7382547784554,92.12226104736328,2039500
2024-10-09,91.82686828471503,91.91548164174152,86.03722190342096,87.19908905029297,3062700
2024-10-10,86.47045801797964,87.42555310023505,86.15537580124973,86.25383758544922,1831800
2024-10-11,85.70245694254479,88.45942482628021,84.3141208112293,88.37081146240234,2596200
2024-10-14,88.87296633655124,89.67051656980894,88.09510545565365,88.69573211669922,1989000
2024-10-15,88.45941211297918,88.85326675752371,87.64217255232847,87.77017211914062,1925200
2024-10-16,88.61696102389834,90.47791660442797,88.22310636136154,89.88713836669922,2048100
2024-10-17,90.65514183158547,91.39361643350851,84.64888323837522,84.67842102050781,2428600
2024-10-18,84.71782010540316,85.8107632832743,84.18611740977775,85.00336456298828,2102800
2024-10-21,85.12152099609375,85.73199616872348,83.92027503006037,85.12152099609375,1713900
2024-10-22,84.1565825821798,84.65874750884147,82.79778425264274,83.98919677734375,1819700
2024-10-23,83.59533817108385,86.64769878494091,83.59533817108385,86.38185119628906,4910300
2024-10-24,86.72646359937242,88.18371601675814,86.07660230977831,87.90802001953125,2869700
2024-10-25,88.63665521679009,88.7646623085926,85.93876302613994,86.18492126464844,3079000
2024-10-28,86.75601045787792,87.5240229625318,86.35230733960158,87.36648559570312,2017900
2024-10-29,86.58861743147548,87.7110983080044,84.83597211591815,86.74615478515625,2715600
2024-10-30,87.49447761954445,88.58742070859472,86.27353496149064,87.09077453613281,2137500
2024-10-31,86.99232542403986,89.61145285131579,86.74616717014493,89.01082611083984,2187500
2024-11-01,88.91982692877986,89.27590247297772,85.05245381393539,85.77449798583984,2685000
2024-11-04,84.76561228501454,88.0593071994968,84.32052164087865,87.08999633789062,3032900
2024-11-05,87.1691112435257,90.5221492909686,87.1691112435257,90.25509643554688,2211800
2024-11-06,90.52215046956626,91.98601729087208,89.84956423483833,91.3826675415039,2474000
2024-11-07,92.7278372423823,96.28858468324763,91.94644976167453,95.34894561767578,4031900
2024-11-08,98.66243017961217,101.71873642464867,93.70705187419316,95.09178924560547,4780800
2024-11-11,97.47551614544557,98.2766823317014,92.7970838338337,93.25206756591797,3411200
2024-11-12,92.48056468221176,94.6565749503677,89.38469395012764,91.64972686767578,2968700
2024-11-13,91.96623578140881,93.7466057259338,91.0562608715824,91.47168731689453,2726400
2024-11-14,91.5903784435994,93.1729320955294,90.2946638201772,90.6408462524414,2878500
2024-11-15,90.62107520804766,91.90689685625205,90.23532795896517,91.18486022949219,1995100
2024-11-18,91.23429722789545,93.46965836631453,90.18585691391783,92.21350860595703,2707900
2024-11-19,90.99691172792193,94.18180484579283,90.66062241545616,93.82572937011719,2787400
2024-11-20,94.38952276969773,95.16101718763065,92.82674776884288,93.48944091796875,1856900
2024-11-21,93.91475240701602,96.40728094750455,93.37075361210931,95.83360290527344,2477800
2024-11-22,96.16989976496953,96.69411994105474,93.50922655478894,94.43898010253906,1800900
2024-11-25,95.49732158576623,96.46663245254378,90.5221571693367,90.86834716796875,4385200
2024-11-26,92.49045932000156,100.34388409151977,91.40245416762714,100.05705261230469,4662500
2024-11-27,100.15596842756902,100.43291439149748,97.15900560243938,97.81180572509766,2037200
2024-11-29,98.80089586179334,102.01546101859425,98.43492726576773,100.50214385986328,1647400
2024-12-02,100.76919461504096,101.38243744107655,98.03929246453355,98.31623840332031,2114700
2024-12-03,99.58228566537359,101.15494626377232,97.97994581833518,98.02940368652344,1731700
2024-12-04,99.50315550895787,101.7681885176014,98.9888283953995,99.82955932617188,2401500
2024-12-05,99.41414173221669,101.18462627042055,98.65253281519479,100.17574310302734,1858700
2024-12-06,100.23508859272333,100.84833146303264,97.59420135493114,98.17777252197266,1433500
2024-12-09,98.13820968069935,98.27668266283455,93.51912830724733,95.02255249023438,2370500
2024-12-10,94.48843121540737,94.90385012678693,92.34209262706872,92.70806121826172,2235600
2024-12-11,93.79606557582271,95.10167324792184,92.60914470814387,94.43898010253906,1835200
2024-12-12,94.21148529011988,96.72379247006839,94.1026840209961,94.1026840209961,1793500
2024-12-13,94.4587545612299,96.08087288402957,93.92464132622847,93.94442749023438,1432000
2024-12-16,94.07301294512145,95.84349741802193,93.13337384685309,93.15315246582031,1636200
2024-12-17,92.3420911446328,92.61903708110648,89.68141795483336,90.4232406616211,2122000
2024-12-18,90.75954610519247,91.01670590119204,87.81203361858964,87.84170532226562,2281200
2024-12-19,88.51429004594097,89.96826387009145,87.04053760175945,88.27690887451172,3260700
2024-12-20,86.97129285291055,90.63094845422532,86.76358340435912,89.46381378173828,6489600
2024-12-23,89.56273002585503,91.50135910302036,87.9702833649316,91.23429870605469,2496000
2024-12-24,91.75852632892317,92.61904344455519,91.09583314308598,92.01569366455078,727900
2024-12-26,91.86732357328566,92.70806203215834,91.30353860397501,91.8277587890625,1672900
2024-12-27,91.10572312771143,91.54092821224782,89.72098585108652,90.94746398925781,6117900
2024-12-30,89.92869397643219,91.57059855557877,89.32534422589865,91.1452865600586,1751000
2024-12-31,91.1156060510413,91.37276580303855,88.7219858991905,89.23632049560547,3460000
2025-01-02,90.0177124917452,92.04535664302722,89.39457660471905,91.73873901367188,2182400
2025-01-03,92.90588285471668,99.56250908126496,92.43111296752137,97.42605590820312,2701200
2025-01-06,98.21733192204954,99.22620750888322,96.92160976279453,97.6436538696289,4259200
2025-01-07,97.9206008236717,98.38547761073342,93.80595377294014,95.67535400390625,3110700
2025-01-08,95.48742041965338,98.52394775306816,92.33219873565102,97.46561431884766,3407500
2025-01-10,97.88103109768855,99.43391297293266,95.62589130904979,98.30634307861328,3233100
2025-01-13,97.47550756323318,97.88103338921212,94.27082800794221,96.14022064208984,2513600
2025-01-14,97.6238685914753,99.50315435663366,96.69412256470874,98.70198822021484,2894500
2025-01-15,101.87698457179098,103.77604888087359,101.10549016786435,102.93531799316406,2737800
2025-01-16,103.1430359768356,105.48719862947692,102.5594723575643,104.84428405761719,3465100
2025-01-17,105.25970051331589,105.25970051331589,102.61881334483351,103.37052917480469,2664500
2025-01-21,105.96196370759974,111.56025660413187,105.96196370759974,110.33377838134766,5339600
2025-01-22,113.75604614979112,114.12200720399686,108.33579136156892,109.1468505859375,3596900
2025-01-23,109.42380057101589,111.93610790655886,108.36546706180235,109.33478546142578,3558700
2025-01-24,110.04693056032778,111.4712250600767,109.13695561640286,111.14482879638672,4289800
2025-01-27,103.93431303107462,104.84428044650076,93.77628276570995,96.42706298828125,5899300
2025-01-28,97.83158118457642,100.59115498470648,94.50821488873875,99.77021026611328,4713000
2025-01-29,99.74053308148792,101.72862006922243,98.19754425016548,99.47348022460938,2965800
2025-01-30,101.67917605024607,104.86406209627555,101.12527659102288,103.85518646240234,3363000
2025-01-31,103.7661601680584,104.00354131287382,101.30330343558528,101.32308959960938,2897900
2025-02-03,98.34300235992598,103.30982066093233,98.34300235992598,101.99858093261719,2325600
2025-02-04,101.28335610807517,102.20718459900814,99.58470518837834,100.9853515625,1752700
2025-02-05,102.56479764788016,103.51842584973089,100.39926457114726,102.19725036621094,1926500
2025-02-06,102.51511904767224,103.26014173720115,101.3727569867381,102.6243896484375,1430400
2025-02-07,103.7270242185809,105.0680635489364,101.98863793658896,102.32638549804688,1230500
2025-02-10,102.86280700952578,104.56145790888556,102.07804883167599,104.48198699951172,1710800
2025-02-11,103.78664070647028,104.17405193568803,102.09791790182243,103.96544647216797,2597400
2025-02-12,101.52176004971773,103.61775791728472,100.67740247917837,101.97871398925781,2216600
2025-02-13,102.2767165365503,105.77336069334135,102.15751017480869,105.54488372802734,3200000
2025-02-14,105.53495014707791,108.04815892356565,103.41908833916332,106.88592529296875,1661800
2025-02-18,108.11769424990617,111.96201424053069,107.60114849505797,111.16732788085938,3661400
2025-02-19,110.96865000717526,111.90241424297498,109.62761062473213,111.66400909423828,2173500
2025-02-20,111.107715757308,111.107715757308,106.64751537103754,110.33289337158203,2020800
2025-02-21,110.50177198868008,110.76998442237668,104.67073212468723,105.2568130493164,3350400
2025-02-24,105.8428961431939,106.42897703786912,101.48203048238733,102.74359893798828,2894100
2025-02-25,100.7668063792621,103.309814779397,97.61783799583803,101.76016998291016,3814000
2025-02-26,104.81972852373758,114.58449497653011,104.61112306766354,112.5779037475586,5031700
2025-02-27,115.42885181605276,116.48182242691298,104.15417602956973,104.4124526977539,5401900
2025-02-28,103.78663560469258,105.48528650593936,101.50189621961648,105.00846862792969,3814200
2025-03-03,105.8925670354036,106.27005008515029,98.53174608926803,99.58470916748047,4174100
2025-03-04,97.45891149329867,101.94891200340098,94.68742590975957,99.58470916748047,3182800
2025-03-05,98.01518855617229,99.36616371309768,96.05826097244525,98.05492401123047,2643000
2025-03-06,94.5781457252689,95.47217446475055,90.00867476418377,90.53515625,3415200
2025-03-07,90.9325108028081,92.69076115518786,84.30677697621546,87.50540161132812,4669300
2025-03-10,84.5253078123031,85.83655508220573,80.36311934762296,84.2571029663086,6156600
2025-03-11,84.14783529463288,89.66100667618743,84.14783529463288,88.03189086914062,5214300
2025-03-12,90.39608520565784,93.92252892375724,90.07820916522802,91.85633087158203,4921300
2025-03-13,91.64773108487051,91.88613623521091,88.83651017898741,90.31661987304688,3433500
2025-03-14,91.96560857532033,94.995363161861,90.77356764755149,94.7569580078125,2989800
2025-03-17,94.96556103286366,97.27016433967957,93.81326316883721,95.4920425415039,2483900
2025-03-18,93.56492021622203,94.71721805504644,92.60135630845821,94.05166625976562,1796800
2025-03-19,94.34967873754569,98.362861040941,94.27020783007416,97.60791015625,2337400
2025-03-20,96.4059439554583,99.8231097115171,95.93906183369332,98.97875213623047,2564100
2025-03-21,97.39930939026358,100.0714524682707,95.93906360502123,99.99198913574219,7623100
2025-03-24,101.60123069948024,103.50848704709253,100.98535010028463,102.17738342285156,2612200
2025-03-25,101.39263125840313,102.28666009271562,99.57477389176165,101.59130096435547,2096100
2025-03-26,100.8164690766107,101.48202844473826,95.85958686246036,96.72381591796875,2410200
2025-03-27,95.20396742052918,97.29003712317348,94.40928105745036,95.12450408935547,1958500
2025-03-28,94.96556904516967,96.28674459677198,93.84307078258482,94.56822204589844,2403200
2025-03-31,92.60135987463039,95.39270928208335,92.31328350913947,94.82649230957031,2976500
2025-04-01,94.96556565497696,97.93572091619185,94.37948472551632,97.8761215209961,2547800
2025-04-02,95.91919235328784,102.80320280365201,95.81985750327983,102.19725036621094,3301800
2025-04-03,96.3562662562567,98.84961093813708,91.76692383610933,92.15433502197266,3435700
2025-04-04,90.39608629674612,90.64442719316575,81.4657497835497,83.05513000488281,6877100
2025-04-07,79.8962373412033,90.24708458280632,79.0419440101388,86.66104125976562,4796800
2025-04-08,90.74376976761538,91.4788567615955,83.82002377291062,85.32994079589844,3618400
2025-04-09,85.42927177550168,97.94565193848537,82.56838726300235,96.74368286132812,4840800
2025-04-10,94.09140152066894,95.28343481063426,90.3066886252044,92.27354431152344,2577000
2025-04-11,92.73049336035028,94.84636274301465,90.83317276768783,93.84306335449219,1634900
2025-04-14,96.80328481047526,96.96222663252702,94.36954689572244,95.28343963623047,1981700
2025-04-15,95.3629038429176,97.84631279716024,95.3629038429176,96.46553802490234,1513700
2025-04-16,94.85629704822522,98.44234059100873,94.74702643554933,97.43904113769531,2217500
2025-04-17,98.38274074616417,100.00192083216555,96.45561276276901,97.2105712890625,1945900
2025-04-21,95.46224029860916,96.157599364806,90.23714564852703,92.47221374511719,1916000
2025-04-22,94.45894702858415,98.68074259417632,94.45894702858415,98.14433288574219,3561500
2025-04-23,102.50520086684591,104.9091391606355,100.29993227813712,101.36283111572266,1816600
2025-04-24,101.13434849458689,106.09123845271812,100.86614364980697,105.40581512451172,1699800
2025-04-25,105.4058155105586,108.4653773134888,105.4058155105586,107.611083984375,1810200
2025-04-28,107.41240623063062,108.93225894569795,106.90579623770454,108.63424682617188,2620800
2025-04-29,107.7799600886467,109.36934047281875,106.46872032435932,108.8031234741211,1745300
2025-04-30,105.80315730761187,109.11105227789878,104.60118828208522,108.852783203125,2328100
2025-05-01,110.99713166987192,114.93673386012097,110.95723602020728,113.83963012695312,3092400
2025-05-02,114.6973624429447,117.5897322351084,114.06902310978522,116.33304595947266,2207600
2025-05-05,115.22597085024842,116.4028658749529,113.69999840493605,115.92413330078125,1764400
2025-05-06,115.06639618945941,118.15823673828444,113.899469366796,116.70207977294922,2891400
2025-05-07,115.43541449657265,119.5046793247,115.17610419574851,118.35770416259766,2698100
2025-05-08,119.21544184341182,120.60178328983801,117.55981428113088,120.02330780029297,2549200
2025-05-09,119.93355307668612,120.41229326866768,117.13095023810848,119.01597595214844,3028100
2025-05-12,136.63946919150098,150.41312419837817,136.58959772836127,150.21365356445312,10257900
2025-05-13,149.23623737958516,158.2424727427393,147.5107791038392,156.297607421875,8023100
2025-05-14,154.342756370676,157.95322502615326,152.50760220911224,153.4052276611328,6349700
2025-05-15,153.096041140655,156.99575502674236,152.43777437969553,154.61204528808594,4280200
2025-05-16,154.55221921586335,158.8209548955342,153.63462686426197,158.7810516357422,6992300
2025-05-19,156.3674192494808,161.3542613360662,155.7490557007072,160.81568908691406,2878800
2025-05-20,159.69862542049302,160.95531936080596,158.41202686391486,159.25978088378906,3482000
2025-05-21,158.00310106375713,158.2424749599228,154.42255213842932,155.0608673095703,3066200
2025-05-22,154.28292048764584,155.5495826189706,151.97900191479448,154.88133239746094,2461300
2025-05-23,153.31547693550075,158.14273650495906,152.87663238943463,157.40469360351562,2290700
2025-05-27,158.86084390410207,159.36949632978843,155.49971713129915,156.49708557128906,3851600
2025-05-28,157.39470191937608,157.59417255203783,155.1705746888616,155.64930725097656,1625600
2025-05-29,157.6839438388648,158.09285330039523,152.68711861421727,154.06349182128906,3948600
2025-05-30,153.26560351608245,155.70915310519658,153.24565188643345,155.48973083496094,3799300
2025-06-02,156.12804121576167,159.31963224155848,154.19315932106224,158.0729217529297,3746000
2025-06-03,160.20728621299395,161.90280939900734,157.7537533255242,160.61619567871094,3914000
2025-06-04,160.24717523267978,160.24717523267978,156.3374930228733,156.55691528320312,3204200
2025-06-05,156.9359183123028,157.78367229133002,154.62201640067522,155.619384765625,2491200
2025-06-06,156.18789937260811,157.52436939192458,153.86402914691854,155.52963256835938,2327700
2025-06-09,156.30757111391299,158.66136106004703,154.0634922964873,154.6419677734375,2166500
2025-06-10,154.2230809775388,155.34012871858596,147.30134182790576,148.28872680664062,3636900
2025-06-11,150.11391687128622,151.60000131020655,147.859869698935,148.67771911621094,4052800
2025-06-12,147.83991584537972,151.7196783697023,147.83991584537972,150.60263061523438,2881000
2025-06-13,149.69501207951686,151.74958844664027,148.60788422990433,151.63987731933594,2258600
2025-06-16,153.06613247618122,155.4697940183612,152.9364697117527,153.53489685058594,2536300
2025-06-17,153.19579860284134,154.18318361936198,149.74489710128245,151.67979431152344,2533200
2025-06-18,151.65983627010075,153.79420403455595,150.73229096426167,152.23831176757812,2528400
2025-06-20,153.35535680554628,153.69447362129588,150.7921279797032,151.52020263671875,7964200
2025-06-23,151.60000036127352,154.59210563156182,149.51550400877827,151.64987182617188,2423400
2025-06-24,153.77425794778856,154.2928937950188,150.8918637804255,153.27557373046875,2654600
2025-06-25,153.94382268541676,156.15798180927277,152.22834777470607,152.91653442382812,2195500
2025-06-26,157.30494407731888,161.79310184341847,155.85876295196914,161.11488342285156,2708600
2025-06-27,163.08968205378366,168.12639542561988,161.693357188078,162.24191284179688,9663400
2025-06-30,163.3988723366264,164.2665780040743,159.76845184631898,160.1574249267578,2799500
2025-07-01,159.83824757004115,159.83824757004115,153.29551357671977,155.54957580566406,3566400
2025-07-02,155.13067626953125,157.1154448902082,153.59473560963397,155.13067626953125,2754700
2025-07-03,155.7290962229582,158.36214810323358,155.240380244394,157.97317504882812,2106100
2025-07-07,158.01307436847017,160.20729710754824,157.21519179277047,158.27239990234375,1929200
2025-07-08,158.08288678487227,158.08288678487227,149.19633094783737,150.87191772460938,3066800
2025-07-09,152.4876578988137,152.4876578988137,149.6351835943942,149.8745574951172,1916100
2025-07-10,149.98426838691023,152.28818701007575,148.74752606313592,150.96168518066406,2101900
2025-07-11,150.22362285566732,151.72965887275214,149.72493865793254,150.28346252441406,1973800
2025-07-14,150.18372778096588,150.9616738755,147.9895204574432,150.66246032714844,1703900
2025-07-15,151.46035939804855,152.2582571278772,144.618411855979,146.49346923828125,2887800
2025-07-16,146.55330678686227,147.39109254269016,143.02261432944977,144.57852172851562,2546800
2025-07-17,145.6856068372206,147.6404403431506,144.67825503165798,146.99215698242188,2263000
2025-07-18,149.3758619026982,154.1133615608209,149.2561673521382,151.35064697265625,3408400
2025-07-21,151.500254988017,154.80155719997651,147.66039575092518,151.9091796875,2730700
2025-07-22,152.08870737464918,154.01362101310576,147.16170521925372,153.55484008789062,2843100
2025-07-23,159.57894676816383,165.24399207348918,157.78368057329513,160.12750244140625,5434500
2025-07-24,160.58628407683074,160.98524057663576,157.1852693254698,157.55429077148438,2849700
2025-07-25,158.01307172367703,158.46189968828898,155.41992295878734,156.17791748046875,2026200
2025-07-28,157.5941682064341,159.22985169897115,156.75638244117607,158.12277221679688,2071500
2025-07-29,159.14009801895492,159.92802757021047,156.46715803625474,159.44927978515625,1979500
2025-07-30,161.17473755419334,166.56052076080164,160.57631043406627,166.15159606933594,3887600
2025-07-31,166.84975401094002,168.79463457833296,165.06447125967787,166.75999450683594,3265800
2025-08-01,162.1699981689453,168.3800048828125,160.3800048828125,167.6300048828125,2560600
2025-08-04,169.49000549316406,174.4499969482422,168.9499969482422,173.91000366210938,3195500
2025-08-05,174.99000549316406,175.9600067138672,167.4600067138672,171.9600067138672,4432500
2025-08-06,166.07000732421875,166.07000732421875,145.0,148.55999755859375,9533000
2025-08-07,151.08999633789062,155.0,150.00999450683594,153.22000122070312,4884200
2025-08-08,153.42999267578125,155.05999755859375,151.5,152.5399932861328,2574100
2025-08-11,152.0,154.89999389648438,151.3699951171875,152.02999877929688,2779300
2025-08-12,152.0,157.0,151.58999633789062,156.69000244140625,2409900
2025-08-13,157.10000610351562,158.97999572753906,151.91000366210938,155.0,2514300
2025-08-14,152.60000610351562,156.4600067138672,151.89999389648438,153.77999877929688,2210900
2025-08-15,155.08999633789062,155.38999938964844,148.2899932861328,148.6199951171875,2789200
2025-08-18,148.88999938964844,150.8800048828125,147.80999755859375,150.44000244140625,2093700
2025-08-19,149.52000427246094,150.1199951171875,147.0500030517578,148.3800048828125,2190800
2025-08-20,147.27000427246094,148.77999877929688,143.5500030517578,148.19000244140625,2459300
2025-08-21,148.5500030517578,150.16000366210938,144.6999969482422,145.88999938964844,1889200
2025-08-22,146.8699951171875,148.44000244140625,144.3800048828125,145.08999633789062,1900400
2025-08-25,145.74000549316406,146.88999938964844,144.27999877929688,144.77000427246094,2051300
2025-08-26,145.0,146.57000732421875,143.82000732421875,146.22999572753906,2123400
2025-08-27,146.74000549316406,149.22999572753906,146.3699951171875,148.1199951171875,1951300
2025-08-28,147.92999267578125,151.2100067138672,147.4600067138672,148.66000366210938,1752100
2025-08-29,148.1699981689453,148.55999755859375,143.9600067138672,145.55999755859375,1560800
2025-09-02,142.27000427246094,145.24000549316406,140.77000427246094,145.11000061035156,2499300
2025-09-03,144.88999938964844,148.2100067138672,144.19000244140625,146.91000366210938,1457700
2025-09-04,148.02000427246094,148.6199951171875,146.1699981689453,147.9499969482422,1305000
2025-09-05,148.9499969482422,150.25,142.8699951171875,147.66000366210938,1672700
