Day,Status,Market Window,> 21e,Cash -/+,Beg NLV,End NLV,Daily $ Change,Daily % Change,% Invested,SPY,Nasdaq,Market_Notes,Market_Action,Score,Highlights,Lowlights,Mistakes,Top_Lesson
2026-01-05,U,Open,0.0,0.0,232190.92,235000.0,2809.079999999987,1.21%,85.1063829787234,687.760009765625,23396.580078125,Test,Test,5,Im him,Wow,Chased,Never chased
2026-01-02,U,Open,0.0,0.0,223833.19,232190.92,8357.73000000001,3.73%,72.57777349777503,683.1699829101562,23235.62890625,Market down. Select growth stocks on fire,BUY: RKLB-BE-FIGR ADD: AMKR-ALAB-GEV SELL: TQQQ-UPRO-RKLB,0,0.0,0.0,0.0,0.0
2025-12-31,U,Open,0.0,0.0,227572.0,223833.19,-3738.8099999999977,-1.64%,82.07764004971739,681.9199829101562,23241.990234375,Market tumbles into new year. Terrible close of the year,SELL: RKLB,0,0.0,0.0,0.0,0.0
2025-12-30,U,Open,0.0,0.0,228368.22,227572.0,-796.2200000000012,-0.35%,88.85187984462061,687.010009765625,23419.080078125,Market flat again. Very low volume on shorten week,BUY: ALAB ADD: RKLB SELL: PLTR,0,0.0,0.0,0.0,0.0
2025-12-29,U,Open,0.0,0.0,229791.28,228368.22,-1423.0599999999977,-0.62%,86.81943573409644,687.8499755859375,23474.349609375,Nasdaq sells off from highs but closed well,BUY: ASTS-RKLB-RDDT,0,0.0,0.0,0.0,0.0
2025-12-26,U,Open,0.0,0.0,231579.97,229791.28,-1788.6900000000023,-0.77%,72.71163640326125,690.3099975585938,23593.095703125,Day after Xmas blues. Indices are flat. High Beta stocks sell off ,SELL: ASTS-PLTR-TSLA-RKLB ADD: TQQQ,0,0.0,0.0,0.0,0.0
2025-12-24,U,Open,0.0,0.0,233958.03,231579.97,-2378.0599999999977,-1.02%,90.92237122234708,690.3800048828125,23613.306640625,Shorten Holiday Trading Day. SPX makes ATH. Mixed actions on growth stocks,BUY: RKLB ADD: MU-GEV TRIM: ASTS SELL: XBI-BETA,0,0.0,0.0,0.0,0.0
2025-12-23,U,Open,0.0,0.0,231779.54,233958.03,2178.4899999999907,0.94%,88.64153968128386,687.9600219726562,23561.84375,SPX all time high on NVDA move. Choppy action still ,BUY: NVDA-BETA ADD: ASTS-SNDK,0,0.0,0.0,0.0,0.0
2025-12-22,U,Open,0.0,0.0,230382.0,231779.54,1397.540000000008,0.61%,70.55454506467655,684.719970703125,23428.830078125,Market gaps up above 21e. Mixed actions around ,BUY: TSLA-GOOGL ADD: PLTR-SNDK-ASTS-MU SELL: WDC,0,0.0,0.0,0.0,0.0
2025-12-19,U,Open,0.0,0.0,228805.0,230382.0,1577.0,0.69%,49.513091300535635,680.5900268554688,23307.619140625,Market follows through on Quad Witching Day ,BUY: TQQQ-WDC-SNDK-XBI-PLTR-TER-GEV-MU-AMKR-ASTS-UPRO,0,0.0,0.0,0.0,0.0
2025-12-18,U,Open,0.0,0.0,229020.74,228805.0,-215.7399999999907,-0.09%,0.0,676.469970703125,23006.361328125,Market rebounds on great CPI Data. Still choppy,"BUY: APP-WDC, SELL: APP-WDC",0,0.0,0.0,0.0,0.0
2025-12-17,U,Open,0.0,0.0,232958.03,229020.74,-3937.29,-1.69%,0,671.4000244,22693.32227,Tech sell off continues. Went to cash,BUY: WDC SELL: TSLA-GDX-GEV-LLY-PLTR-UPRO-WDC,0,0.0,0.0,0.0,0.0
2025-12-16,U,Open,0.0,0.0,232719.26,232958.03,238.77,0.10%,64.72%,678.8699951,23111.46094,Volatility continues. Trading window closed. ,BUY: TSLA-UPRO-GDX SELL: GOOGL-AMKR-SPXL,4,0.0,0.0,0.0,0.0
2025-12-15,U,Open,0.0,-127401.84,362861.01,232719.26,-2739.91,-0.76%,72.52,680.710022,23057.41211,Market slide continues. ,BUY: GOOGL TRIM: SPXL-AMKR ADD: GEV-LLY  SELL: TQQQ-RDDT-HOOD-ULTA-SNDK-WDC ,1,0.0,0.0,0.0,0.0
2025-12-12,U,Open,0.0,0.0,394094.81,362861.01,-31233.8,-7.93%,146.05,681.7600098,23195.16992,Growth stocks nose dive on AVGO earnings miss. ,BUY: ULTA  ADD: LLY SELL: U-APP ,1,0.0,0.0,0.0,0.0
2025-12-11,U,Open,0.0,0.0,400754.87,394094.81,-6660.06,-1.66%,154.85,689.1699829,23593.85938,Market dives on ORCL earnings and recovers.,BUY: LLY ADD: GEV-AMKR  SELL: ETHA-AMD-ARKK-NVDA-GOOGL ,3,0.0,0.0,0.0,0.0
2025-12-10,U,Open,0.0,0.0,389291.25,400754.87,11463.62,2.94%,183.46,687.5700073,23654.15625,FOMC cuts rate 0.25%. Market rallies. ,ADD: U-GEV-AMKR-PLTR-RDDT-GOOGL,4,0.0,0.0,0.0,0.0
2025-12-09,U,Open,0.0,0.0,389291.18,389291.25,0.07,0.00%,173.65,683.039978,23576.49023,Market stalls as we awaits FOMC decision. ,,5,0.0,0.0,0.0,0.0
2025-12-08,U,Open,0.0,0.0,387422.35,389291.18,1868.83,0.48%,152.47,683.6300049,23545.90039,Market consolidation waiting on feds decision on rates,,5,0.0,0.0,0.0,0.0
2025-12-05,U,Open,0.0,0.0,385323.1,387422.35,2099.25,0.54%,156.07,685.6900024,23578.13086,"Indexes mostly gain, end week higher on PCE news ",,5,0.0,0.0,0.0,0.0
2025-12-04,U,Open,0.0,0.0,383075.56,385323.1,2247.54,0.59%,140.93,684.3900146,23505.14063,Volatile nasdaq closed higher.  Performance mixed in growth stocks,,5,0.0,0.0,0.0,0.0
2025-12-03,U,Open,0.0,0.0,379555.11,383075.56,3520.45,0.93%,132.16,683.8900146,23454.08984,Market continues higher with broad participation ,,5,0.0,0.0,0.0,0.0
2025-12-02,U,Open,0.0,0.0,378029.91,379555.11,1525.2,0.40%,130.3,681.5300293,23413.66992,Nasdaq leads market higher. TQQQ signal triggered. ,,5,0.0,0.0,0.0,0.0
2025-12-01,U,Open,0.0,0.0,381305.45,378029.91,-3275.54,-0.86%,99.36,680.2700195,23275.91992,"Indexes finish lower as inflation, job reports loom",,5,0.0,0.0,0.0,0.0
2025-11-28,U,Open,0.0,0.0,374989.23,381305.45,6316.22,1.68%,94.05,683.3900146,23365.68945,Strong followup of indices after STL break on Nasdaq,,2,0.0,0.0,0.0,0.0
2025-11-26,U,Open,0.0,0.0,371382.72,374989.23,3606.51,0.97%,96.65,679.6799927,23214.68945,Bounce continues after rally day. Broad participation ,,5,0.0,0.0,0.0,0.0
2025-11-25,U,Open,0.0,0.0,369019.0,371382.72,2363.72,0.64%,40,675.0200195,23025.58984,D3 Bounce from rally day on interest cut optimism. ,,3,0.0,0.0,0.0,0.0
2025-11-24,C,Closed,10.0,0.0,368600.32,369019.0,418.68,0.11%,12.93,668.7299805,22872.00977,Strong market rebound continues on rate cut optimism ,,5,0.0,0.0,0.0,0.0
2025-11-21,C,Closed,10.0,0.0,367980.75,368600.32,619.57,0.17%,10.61,659.0300293,22273.08008,Market rebounds on Undercut & Rally Setup ,,5,0.0,0.0,0.0,0.0
2025-11-20,C,Closed,10.0,0.0,372285.58,367980.75,-4304.83,-1.16%,10.33,652.5300293,22078.05078,Nasty downside reversal on AI Bubble worries,,3,0.0,0.0,0.0,0.0
2025-11-19,C,Closed,10.0,0.0,371732.57,372285.58,553.01,0.15%,14.86,662.6300049,22564.23047,,,0,0.0,0.0,0.0,0.0
2025-11-18,C,Closed,10.0,0.0,371489.0,371732.57,243.57,0.07%,10,660.0800171,22432.84961,,,0,0.0,0.0,0.0,0.0
2025-11-17,P,Closed,10.0,0.0,371602.0,371489.0,-113.0,-0.03%,9,665.6699829,22708.07031,,,0,0.0,0.0,0.0,0.0
2025-11-14,P,Open,10.0,45800.0,289657.12,371602.0,36144.88,10.77%,9,671.9299927,22900.58984,,,0,0.0,0.0,0.0,0.0
2025-11-13,P,Open,10.0,0.0,300071.04,289657.12,-10413.92,-3.47%,39,672.039978,22870.35938,,,0,0.0,0.0,0.0,0.0
2025-11-12,P,Open,20.0,0.0,300044.0,300071.04,27.04,0.01%,87,683.3800049,23406.46094,,,0,0.0,0.0,0.0,0.0
2025-11-11,P,Open,20.0,0.0,306977.0,300044.0,-6933.0,-2.26%,103,683.0,23468.30078,,,0,0.0,0.0,0.0,0.0
2025-11-10,P,Open,20.0,0.0,304022.48,306977.0,2954.52,0.97%,107,681.4400024,23527.16992,,,0,0.0,0.0,0.0,0.0
2025-11-07,P,Open,10.0,0.0,307468.55,304022.48,-3446.07,-1.12%,100,670.9699707,23004.53906,,,0,0.0,0.0,0.0,0.0
2025-11-06,U,Open,20.0,0.0,320898.0,307468.55,-13429.45,-4.18%,46,670.3099976,23053.99023,,,0,0.0,0.0,0.0,0.0
2025-11-05,U,Open,20.0,0.0,315211.46,320898.0,5686.54,1.80%,109,677.5800171,23499.80078,,,0,0.0,0.0,0.0,0.0
2025-11-04,U,Open,20.0,0.0,338977.0,315211.46,-23765.54,-7.01%,101,675.2399902,23348.64063,,,0,0.0,0.0,0.0,0.0
2025-11-03,U,Open,20.0,0.0,335150.0,338977.0,3827.0,1.14%,117,683.3400269,23834.7207,,,0,0.0,0.0,0.0,0.0
2025-10-31,U,Open,20.0,0.0,330291.0,335150.0,4859.0,1.47%,137,682.0599976,23724.96094,,,0,0.0,0.0,0.0,0.0
2025-10-30,U,Open,20.0,0.0,341236.0,330291.0,-10945.0,-3.21%,105,679.8300171,23581.14063,,,0,0.0,0.0,0.0,0.0
2025-10-29,U,Open,20.0,0.0,334716.0,341236.0,6520.0,1.95%,122,687.3900146,23958.4707,,,0,0.0,0.0,0.0,0.0
2025-10-28,U,Open,20.0,0.0,332706.2,334716.0,2009.8,0.60%,121,687.0599976,23827.49023,,,0,0.0,0.0,0.0,0.0
2025-10-27,U,Open,20.0,0.0,327861.0,332706.2,4845.2,1.48%,92,685.2399902,23637.46094,,,0,0.0,0.0,0.0,0.0
2025-10-24,U,Open,20.0,0.0,323715.0,327861.0,4146.0,1.28%,58,677.25,23204.86914,,,0,0.0,0.0,0.0,0.0
2025-10-23,U,Open,20.0,0.0,321442.0,323715.0,2273.0,0.71%,22,671.7600098,22941.80078,,,0,0.0,0.0,0.0,0.0
2025-10-22,U,Open,20.0,0.0,326503.0,321442.0,-5061.0,-1.55%,22,667.7999878,22740.40039,,,0,0.0,0.0,0.0,0.0
2025-10-21,U,Open,20.0,0.0,332782.39,326503.0,-6279.39,-1.89%,58,671.289978,22953.66992,,,0,0.0,0.0,0.0,0.0
2025-10-20,U,Open,20.0,0.0,333257.0,332782.39,-474.61,-0.14%,77,671.2999878,22990.53906,,,0,0.0,0.0,0.0,0.0
2025-10-17,U,Open,20.0,0.0,339763.16,333257.0,-6506.16,-1.91%,57,664.3900146,22679.9707,,,0,0.0,0.0,0.0,0.0
2025-10-16,U,Open,20.0,0.0,352522.06,339763.16,-12758.9,-3.62%,81,660.6400146,22562.53906,,,0,0.0,0.0,0.0,0.0
2025-10-15,U,Open,20.0,0.0,342135.51,352522.06,10386.55,3.04%,184,665.1699829,22670.08008,,,0,0.0,0.0,0.0,0.0
2025-10-14,U,Open,20.0,0.0,364040.48,342135.51,-21904.97,-6.02%,184,662.2299805,22521.69922,,,0,0.0,0.0,0.0,0.0
2025-10-13,U,Open,20.0,0.0,342666.78,364040.48,21373.7,6.24%,164,663.039978,22694.60938,,,0,0.0,0.0,0.0,0.0
2025-10-10,U,Open,20.0,0.0,393653.39,342666.78,-50986.61,-12.95%,151,653.0200195,22204.42969,,,0,0.0,0.0,0.0,0.0
2025-10-09,U,Open,20.0,0.0,391752.0,393653.39,1901.39,0.49%,144,671.1599731,23024.63086,,,0,0.0,0.0,0.0,0.0
2025-10-08,U,Open,20.0,0.0,372465.11,391752.0,19286.89,5.18%,150,673.1099854,23043.38086,,,0,0.0,0.0,0.0,0.0
2025-10-07,U,Open,20.0,0.0,381315.17,372465.11,-8850.06,-2.32%,138,669.1199951,22788.35938,,,0,0.0,0.0,0.0,0.0
2025-10-06,U,Open,20.0,0.0,375420.34,381315.17,5894.83,1.57%,120,671.6099854,22941.66992,,,0,0.0,0.0,0.0,0.0
2025-10-03,U,Open,20.0,0.0,388168.0,375420.34,-12747.66,-3.28%,138,669.210022,22780.50977,,,0,0.0,0.0,0.0,0.0
2025-10-02,U,Open,20.0,0.0,375388.6,388168.0,12779.4,3.40%,190,669.2199707,22844.05078,,,0,0.0,0.0,0.0,0.0
2025-10-01,U,Open,20.0,0.0,377975.46,375388.6,-2586.86,-0.68%,180,668.4500122,22755.16016,,,0,0.0,0.0,0.0,0.0
2025-09-30,U,Open,20.0,0.0,369495.27,377975.46,8480.19,2.30%,169,666.1799927,22660.00977,,,0,0.0,0.0,0.0,0.0
2025-09-29,U,Open,20.0,0.0,348680.0,369495.27,20815.27,5.97%,141,663.6799927,22591.15039,,,0,0.0,0.0,0.0,0.0
2025-09-26,U,Open,20.0,0.0,353334.84,348680.0,-4654.84,-1.32%,187,661.8200073,22484.07031,,,0,0.0,0.0,0.0,0.0
2025-09-25,U,Open,20.0,0.0,367828.0,353334.84,-14493.16,-3.94%,155,658.0499878,22384.69922,,,0,0.0,0.0,0.0,0.0
2025-09-24,U,Open,20.0,0.0,382472.0,367828.0,-14644.0,-3.83%,176,661.0999756,22497.85938,,,0,0.0,0.0,0.0,0.0
2025-09-23,U,Open,20.0,0.0,388774.55,382472.0,-6302.55,-1.62%,171,663.210022,22573.4707,,,0,0.0,0.0,0.0,0.0
2025-09-22,U,Open,20.0,0.0,383200.4,388774.55,5574.15,1.45%,175,666.8400269,22788.98047,,,0,0.0,0.0,0.0,0.0
2025-09-19,U,Open,20.0,6896.0,347819.81,383200.4,28484.59,8.03%,158,663.7000122,22631.48047,,,0,0.0,0.0,0.0,0.0
2025-09-18,U,Open,20.0,0.0,332288.81,347819.81,15531.0,4.67%,194,660.4290161,22470.7207,,,0,0.0,0.0,0.0,0.0
2025-09-17,U,Open,20.0,0.0,329353.19,332288.81,2935.62,0.89%,181,657.3575439,22261.33008,,,0,0.0,0.0,0.0,0.0
2025-09-16,U,Open,20.0,0.0,329229.01,329353.19,124.18,0.04%,191,658.1752319,22333.96094,,,0,0.0,0.0,0.0,0.0
2025-09-15,U,Open,20.0,0.0,315684.0,329229.01,13545.01,4.29%,187,659.0827026,22348.75,,,0,0.0,0.0,0.0,0.0
2025-09-12,U,Open,20.0,4404.0,306263.27,315684.0,5016.73,1.61%,149,655.5924072,22141.09961,,,0,0.0,0.0,0.0,0.0
2025-09-11,U,Open,20.0,0.0,305658.2,306263.27,605.07,0.20%,96,655.8118286,22043.07031,,,0,0.0,0.0,0.0,0.0
2025-09-10,U,Open,20.0,0.0,302708.14,305658.2,2950.06,0.97%,95,650.4067993,21886.06055,,,0,0.0,0.0,0.0,0.0
2025-09-09,U,Open,20.0,0.0,303140.37,302708.14,-432.23,-0.14%,86,648.5319824,21879.49023,,,0,0.0,0.0,0.0,0.0
2025-09-08,U,Open,20.0,0.0,291057.65,303140.37,12082.72,4.15%,95,647.0361328,21798.69922,,,0,0.0,0.0,0.0,0.0
2025-09-05,U,Open,20.0,0.0,290840.23,291057.65,217.42,0.07%,98,645.4505005,21700.39063,,,0,0.0,0.0,0.0,0.0
2025-09-04,U,Open,20.0,0.0,287203.94,290840.23,3636.29,1.27%,78,647.3253174,21707.68945,,,0,0.0,0.0,0.0,0.0
2025-09-03,U,Open,20.0,0.0,290872.7,287203.94,-3668.76,-1.26%,137,641.9602051,21497.73047,,,0,0.0,0.0,0.0,0.0
2025-09-02,U,Open,20.0,0.0,306873.22,290872.7,-16000.52,-5.21%,103,638.4998169,21279.63086,,,0,0.0,0.0,0.0,0.0
2025-08-29,U,Open,20.0,0.0,321776.63,306873.22,-14903.41,-4.63%,183,643.2666016,21455.55078,,,0,0.0,0.0,0.0,0.0
2025-08-28,U,Open,20.0,0.0,312887.83,321776.63,8888.8,2.84%,189,647.1258545,21705.16016,,,0,0.0,0.0,0.0,0.0
2025-08-27,U,Open,20.0,0.0,318278.43,312887.83,-5390.6,-1.69%,182,644.8422241,21590.14063,,,0,0.0,0.0,0.0,0.0
2025-08-26,U,Open,20.0,0.0,310598.68,318278.43,7679.75,2.47%,165,643.3762817,21544.26953,,,0,0.0,0.0,0.0,0.0
2025-08-25,U,Open,20.0,0.0,311906.39,310598.68,-1307.71,-0.42%,137,640.6936646,21449.28906,,,0,0.0,0.0,0.0,0.0
2025-08-22,U,Open,20.0,0.0,307806.21,311906.39,4100.18,1.33%,97,643.5258789,21496.53906,,,0,0.0,0.0,0.0,0.0
2025-08-21,P,Open,10.0,0.0,309890.83,307806.21,-2084.62,-0.67%,68,633.7928467,21100.31055,,,0,0.0,0.0,0.0,0.0
2025-08-20,P,Open,10.0,0.0,323492.09,309890.83,-13601.26,-4.20%,48,636.3457642,21172.85938,,,0,0.0,0.0,0.0,0.0
2025-08-19,U,Open,20.0,0.0,354370.98,323492.09,-30878.89,-8.71%,181,638.0410767,21314.94922,,,0,0.0,0.0,0.0,0.0
2025-08-18,U,Open,20.0,0.0,353853.76,354370.98,517.22,0.15%,174,641.5214233,21629.76953,,,0,0.0,0.0,0.0,0.0
2025-08-15,U,Open,20.0,0.0,357279.13,353853.76,-3425.37,-0.96%,178,641.6610718,21622.98047,,,0,0.0,0.0,0.0,0.0
2025-08-14,U,Open,20.0,0.0,363637.71,357279.13,-6358.58,-1.75%,185,643.1668701,21710.66992,,,0,0.0,0.0,0.0,0.0
2025-08-13,U,Open,20.0,0.0,381220.44,363637.71,-17582.73,-4.61%,123,643.1070557,21713.14063,,,0,0.0,0.0,0.0,0.0
2025-08-12,U,Open,20.0,0.0,370964.03,381220.44,10256.41,2.76%,134,640.913147,21681.90039,,,0,0.0,0.0,0.0,0.0
2025-08-11,U,Open,20.0,0.0,371968.75,370964.03,-1004.72,-0.27%,134,634.1618042,21385.40039,,,0,0.0,0.0,0.0,0.0
2025-08-08,U,Open,20.0,0.0,363328.11,371968.75,8640.64,2.38%,176,635.418335,21450.01953,,,0,0.0,0.0,0.0,0.0
2025-08-07,U,Open,20.0,0.0,353540.3,363328.11,9787.81,2.77%,179,630.5019531,21242.69922,,,0,0.0,0.0,0.0,0.0
2025-08-06,U,Open,20.0,0.0,347007.04,353540.3,6533.26,1.88%,177,631.0305176,21169.41992,,,0,0.0,0.0,0.0,0.0
2025-08-05,U,Open,20.0,0.0,348389.81,347007.04,-1382.77,-0.40%,178,626.2337646,20916.55078,,,0,0.0,0.0,0.0,0.0
2025-08-04,U,Open,20.0,0.0,324860.86,348389.81,23528.95,7.24%,176,629.4249268,21053.58008,,,0,0.0,0.0,0.0,0.0
2025-08-01,P,Open,10.0,0.0,342699.61,324860.86,-17838.75,-5.21%,173,620.0010376,20650.13086,,,0,0.0,0.0,0.0,0.0
2025-07-31,U,Open,20.0,0.0,349766.45,342699.61,-7066.84,-2.02%,149,630.3324585,21122.44922,,,0,0.0,0.0,0.0,0.0
2025-07-30,U,Open,20.0,0.0,338997.82,349766.45,10768.63,3.18%,145,632.7058716,21129.66992,,,0,0.0,0.0,0.0,0.0
2025-07-29,U,Open,20.0,0.0,344703.44,338997.82,-5705.62,-1.66%,140,633.5036621,21098.28906,,,0,0.0,0.0,0.0,0.0
2025-07-28,U,Open,20.0,0.0,336101.39,344703.44,8602.05,2.56%,145,635.1790161,21178.58008,,,0,0.0,0.0,0.0,0.0
2025-07-25,U,Open,20.0,0.0,328396.04,336101.39,7705.35,2.35%,149,635.338562,21108.32031,,,0,0.0,0.0,0.0,0.0
2025-07-24,U,Open,20.0,0.0,326743.07,328396.04,1652.97,0.51%,135,632.6659546,21057.96094,,,0,0.0,0.0,0.0,0.0
2025-07-23,U,Open,20.0,0.0,309561.55,326743.07,17181.52,5.55%,132,632.456604,21020.01953,,,0,0.0,0.0,0.0,0.0
2025-07-22,U,Open,20.0,0.0,322695.42,309561.55,-13133.87,-4.07%,134,627.1213379,20892.68945,,,0,0.0,0.0,0.0,0.0
2025-07-21,U,Open,20.0,0.0,328069.97,322695.42,-5374.55,-1.64%,173,627.0316162,20974.17969,,,0,0.0,0.0,0.0,0.0
2025-07-18,U,Open,20.0,0.0,333476.49,328069.97,-5406.52,-1.62%,177,625.8449097,20895.65039,,,0,0.0,0.0,0.0,0.0
2025-07-17,U,Open,20.0,0.0,332162.34,333476.49,1314.15,0.40%,169,626.3035889,20885.65039,,,0,0.0,0.0,0.0,0.0
2025-07-16,U,Open,20.0,0.0,325777.03,332162.34,6385.31,1.96%,161,622.4941406,20730.49023,,,0,0.0,0.0,0.0,0.0
2025-07-15,U,Open,20.0,0.0,315728.43,325777.03,10048.6,3.18%,158,620.4199219,20677.80078,,,0,0.0,0.0,0.0,0.0
2025-07-14,U,Open,20.0,0.0,307871.97,315728.43,7856.46,2.55%,155,623.0825195,20640.33008,,,0,0.0,0.0,0.0,0.0
2025-07-11,U,Open,20.0,0.0,310570.07,307871.97,-2698.1,-0.87%,136,621.895813,20585.5293,,,0,0.0,0.0,0.0,0.0
2025-07-10,U,Open,20.0,0.0,309314.35,310570.07,1255.72,0.41%,160,624.0897827,20630.66016,,,0,0.0,0.0,0.0,0.0
2025-07-09,U,Open,20.0,0.0,299547.32,309314.35,9767.03,3.26%,170,622.3345947,20611.33984,,,0,0.0,0.0,0.0,0.0
2025-07-08,U,Open,20.0,0.0,306432.83,299547.32,-6885.51,-2.25%,163,618.624939,20418.46094,,,0,0.0,0.0,0.0,0.0
2025-07-07,U,Open,20.0,0.0,307256.81,306432.83,-823.98,-0.27%,181,618.9639893,20412.51953,,,0,0.0,0.0,0.0,0.0
2025-07-03,U,Open,20.0,0.0,298397.67,307256.81,8859.14,2.97%,188,623.611084,20601.09961,,,0,0.0,0.0,0.0,0.0
2025-07-02,U,Open,20.0,0.0,291374.28,298397.67,7023.39,2.41%,169,618.7346191,20393.13086,,,0,0.0,0.0,0.0,0.0
2025-07-01,U,Open,20.0,45000.0,263613.97,291374.28,-17239.69,-5.59%,162,615.9423828,20202.89063,,,0,0.0,0.0,0.0,0.0
2025-06-30,U,Open,20.0,0.0,246390.37,263613.97,17223.6,6.99%,180,616.1417847,20369.73047,,,0,0.0,0.0,0.0,0.0
2025-06-27,U,Open,20.0,0.0,250815.86,246390.37,-4425.49,-1.76%,175,613.2098999,20273.46094,,,0,0.0,0.0,0.0,0.0
2025-06-26,U,Open,20.0,0.0,246129.75,250815.86,4686.11,1.90%,174,610.1783447,20167.91016,,,0,0.0,0.0,0.0,0.0
2025-06-25,U,Open,20.0,0.0,250919.79,246129.75,-4790.04,-1.91%,194,605.4414673,19973.55078,,,0,0.0,0.0,0.0,0.0
2025-06-24,U,Open,20.0,0.0,239085.71,250919.79,11834.08,4.95%,181,605.102417,19912.5293,,,0,0.0,0.0,0.0,0.0
2025-06-23,U,Open,20.0,0.0,257289.53,239085.71,-18203.82,-7.08%,193,598.4907227,19630.9707,,,0,0.0,0.0,0.0,0.0
2025-06-20,U,Open,20.0,0.0,253925.3,257289.53,3364.23,1.32%,162,592.6369629,19447.41016,,,0,0.0,0.0,0.0,0.0
2025-06-18,U,Open,20.0,0.0,249923.03,253925.3,4002.27,1.60%,184,594.0321045,19546.26953,,,0,0.0,0.0,0.0,0.0
2025-06-17,U,Open,20.0,0.0,251641.1,249923.03,-1718.07,-0.68%,183,594.121582,19521.08984,,,0,0.0,0.0,0.0,0.0
2025-06-16,U,Open,20.0,0.0,233611.83,251641.1,18029.27,7.72%,188,599.2421875,19701.21094,,,0,0.0,0.0,0.0,0.0
2025-06-13,U,Open,20.0,0.0,240116.5,233611.83,-6504.67,-2.71%,187,593.5946045,19406.83008,,,0,0.0,0.0,0.0,0.0
2025-06-12,U,Open,20.0,0.0,242600.21,240116.5,-2483.71,-1.02%,178,600.3060913,19662.49023,,,0,0.0,0.0,0.0,0.0
2025-06-11,U,Open,20.0,0.0,233942.71,242600.21,8657.5,3.70%,172,597.9297485,19615.88086,,,0,0.0,0.0,0.0,0.0
2025-06-10,U,Open,20.0,0.0,241152.06,233942.71,-7209.35,-2.99%,179,599.6399536,19714.99023,,,0,0.0,0.0,0.0,0.0
2025-06-09,U,Open,20.0,0.0,233954.86,241152.06,7197.2,3.08%,181,596.2593384,19591.24023,,,0,0.0,0.0,0.0,0.0
2025-06-06,U,Open,20.0,0.0,225034.03,233954.86,8920.83,3.96%,186,595.7224121,19529.94922,,,0,0.0,0.0,0.0,0.0
2025-06-05,U,Open,20.0,0.0,240027.03,225034.03,-14993.0,-6.25%,162,589.6671143,19298.44922,,,0,0.0,0.0,0.0,0.0
2025-06-04,U,Open,20.0,0.0,237286.97,240027.03,2740.06,1.15%,166,592.5307007,19460.49023,,,0,0.0,0.0,0.0,0.0
2025-06-03,U,Open,20.0,0.0,224698.64,237286.97,12588.33,5.60%,164,592.6898193,19398.96094,,,0,0.0,0.0,0.0,0.0
2025-06-02,U,Open,20.0,0.0,216200.25,224698.64,8498.39,3.93%,171,589.3291016,19242.60938,,,0,0.0,0.0,0.0,0.0
2025-05-30,U,Open,20.0,0.0,208029.21,216200.25,8171.04,3.93%,167,586.0280151,19113.76953,,,0,0.0,0.0,0.0,0.0
2025-05-29,U,Open,20.0,0.0,216401.12,208029.21,-8371.91,-3.87%,149,586.6842651,19175.86914,,,0,0.0,0.0,0.0,0.0
2025-05-28,U,Open,20.0,0.0,218913.24,216401.12,-2512.12,-1.15%,174,584.3774414,19100.93945,,,0,0.0,0.0,0.0,0.0
2025-05-27,U,Open,20.0,0.0,203586.14,218913.24,15327.1,7.53%,173,587.7780151,19199.16016,,,0,0.0,0.0,0.0,0.0
2025-05-23,U,Open,20.0,0.0,203661.93,203586.14,-75.79,-0.04%,160,575.8066406,18737.21094,,,0,0.0,0.0,0.0,0.0
2025-05-22,U,Open,20.0,0.0,203717.73,203661.93,-55.8,-0.03%,152,579.7639771,18925.74023,,,0,0.0,0.0,0.0,0.0
2025-05-21,U,Open,20.0,0.0,206812.02,203717.73,-3094.29,-1.50%,123,579.5352783,18872.64063,,,0,0.0,0.0,0.0,0.0
2025-05-20,U,Open,20.0,0.0,206538.86,206812.02,273.16,0.13%,134,589.4682617,19142.71094,,,0,0.0,0.0,0.0,0.0
2025-05-19,U,Open,20.0,0.0,203735.23,206538.86,2803.63,1.38%,182,591.4568481,19215.46094,,,0,0.0,0.0,0.0,0.0
2025-05-16,U,Open,20.0,0.0,192984.59,203735.23,10750.64,5.57%,192,590.8106079,19211.09961,,,0,0.0,0.0,0.0,0.0
2025-05-15,U,Open,20.0,0.0,193628.4,192984.59,-643.81,-0.33%,181,587.0919189,19112.32031,,,0,0.0,0.0,0.0,0.0
2025-05-14,U,Open,20.0,0.0,189439.66,193628.4,4188.74,2.21%,154,584.2382813,19146.81055,,,0,0.0,0.0,0.0,0.0
2025-05-13,U,Open,20.0,0.0,173949.05,189439.66,15490.61,8.91%,159,583.4925537,19010.08984,,,0,0.0,0.0,0.0,0.0
2025-05-12,U,Open,20.0,0.0,168508.94,173949.05,5440.11,3.23%,156,579.6645508,18708.33984,,,0,0.0,0.0,0.0,0.0
2025-05-09,U,Open,20.0,0.0,168195.55,168508.94,313.39,0.19%,131,561.1209717,17928.91992,,,0,0.0,0.0,0.0,0.0
2025-05-08,U,Open,20.0,0.0,164773.08,168195.55,3422.47,2.08%,112,561.836792,17928.14063,,,0,0.0,0.0,0.0,0.0
2025-05-07,U,Open,20.0,0.0,160855.98,164773.08,3917.1,2.44%,113,557.9490967,17738.16016,,,0,0.0,0.0,0.0,0.0
2025-05-06,U,Open,20.0,0.0,161584.57,160855.98,-728.59,-0.45%,117,555.6124878,17689.66016,,,0,0.0,0.0,0.0,0.0
2025-05-05,U,Open,20.0,0.0,161673.57,161584.57,-89.0,-0.06%,110,560.2956543,17844.24023,,,0,0.0,0.0,0.0,0.0
2025-05-02,U,Open,20.0,0.0,153788.95,161673.57,7884.62,5.13%,96,563.5270996,17977.73047,,,0,0.0,0.0,0.0,0.0
2025-05-01,U,Open,20.0,0.0,152775.19,153788.95,1013.76,0.66%,98,555.2843628,17710.74023,,,0,0.0,0.0,0.0,0.0
2025-04-30,U,Open,20.0,0.0,151182.48,152775.19,1592.71,1.05%,74,551.3768311,17446.33984,,,0,0.0,0.0,0.0,0.0
2025-04-29,U,Open,20.0,0.0,151217.94,151182.48,-35.46,-0.02%,57,551.15802,17461.32031,,,0,0.0,0.0,0.0,0.0
2025-04-28,U,Open,20.0,0.0,152035.93,151217.94,-817.99,-0.54%,56,547.7078247,17366.13086,,,0,0.0,0.0,0.0,0.0
2025-04-25,U,Open,20.0,0.0,149959.1,152035.93,2076.83,1.38%,56,547.4990234,17382.93945,,,0,0.0,0.0,0.0,0.0
2025-04-24,U,Open,20.0,0.0,147141.43,149959.1,2817.67,1.91%,43,543.5715942,17166.03906,,,0,0.0,0.0,0.0,0.0
2025-04-23,U,Open,10.0,0.0,147140.43,147141.43,1.0,0.00%,30,532.3658447,16708.05078,,,0,0.0,0.0,0.0,0.0
2025-04-22,U,Open,10.0,0.0,147078.42,147140.43,62.01,0.04%,3,524.2424927,16300.41992,,,0,0.0,0.0,0.0,0.0
2025-04-21,C,Closed,10.0,0.0,147078.42,147078.42,0.0,0.00%,0,510.9487305,15870.90039,,,0,0.0,0.0,0.0,0.0
2025-04-17,C,Closed,10.0,0.0,147078.42,147078.42,0.0,0.00%,0,523.4072266,16286.4502,,,0,0.0,0.0,0.0,0.0
2025-04-16,C,Closed,10.0,0.0,149453.81,147078.42,-2375.39,-1.59%,0,522.6615601,16307.16016,,,0,0.0,0.0,0.0,0.0
2025-04-15,U,Open,10.0,0.0,148493.75,149453.81,960.06,0.65%,27,534.543335,16823.16992,,,0,0.0,0.0,0.0,0.0
2025-04-14,U,Open,10.0,0.0,148500.99,148493.75,-7.24,0.00%,27,536.0447388,16831.48047,,,0,0.0,0.0,0.0,0.0
2025-04-11,U,Open,10.0,0.0,148349.06,148500.99,151.93,0.10%,20,530.8943481,16724.46094,,,0,0.0,0.0,0.0,0.0
2025-04-10,C,Closed,10.0,0.0,148349.06,148349.06,0.0,0.00%,0,521.5877686,16387.31055,,,0,0.0,0.0,0.0,0.0
2025-04-09,C,Closed,10.0,0.0,148349.06,148349.06,0.0,0.00%,0,545.4906006,17124.9707,,,0,0.0,0.0,0.0,0.0
2025-04-08,C,Closed,10.0,0.0,148349.06,148349.06,0.0,0.00%,0,493.6480103,15267.91016,,,0,0.0,0.0,0.0,0.0
2025-04-07,C,Closed,10.0,0.0,148611.71,148349.06,-262.65,-0.18%,0,501.5029297,15603.25977,,,0,0.0,0.0,0.0,0.0
2025-04-04,C,Closed,10.0,0.0,148611.71,148611.71,0.0,0.00%,0,502.3977966,15587.79004,,,0,0.0,0.0,0.0,0.0
2025-04-03,C,Closed,10.0,0.0,148611.71,148611.71,0.0,0.00%,0,533.6386108,16550.60938,,,0,0.0,0.0,0.0,0.0
2025-04-02,C,Closed,10.0,0.0,148611.71,148611.71,0.0,0.00%,0,561.2998657,17601.05078,,,0,0.0,0.0,0.0,0.0
2025-04-01,C,Closed,10.0,0.0,148611.71,148611.71,0.0,0.00%,0,557.7700806,17449.89063,,,0,0.0,0.0,0.0,0.0
2025-03-31,C,Closed,10.0,0.0,148860.44,148611.71,-248.73,-0.17%,0,556.1991577,17299.28906,,,0,0.0,0.0,0.0,0.0
2025-03-28,C,Closed,10.0,0.0,148860.44,148860.44,0.0,0.00%,0,552.4904175,17322.99023,,,0,0.0,0.0,0.0,0.0
2025-03-27,C,Closed,10.0,0.0,151201.85,148860.44,-2341.41,-1.55%,0,563.8452759,17804.0293,,,0,0.0,0.0,0.0,0.0
2025-03-26,C,Closed,10.0,0.0,151250.03,151201.85,-48.18,-0.03%,6,565.3466797,17899.01953,,,0,0.0,0.0,0.0,0.0
2025-03-25,U,Open,10.0,0.0,150252.78,151250.03,997.25,0.66%,30,572.1774902,18271.85938,,,0,0.0,0.0,0.0,0.0
2025-03-24,U,Open,10.0,0.0,150252.78,150252.78,0.0,0.00%,30,570.8053589,18188.58984,,,0,0.0,0.0,0.0,0.0
2025-03-21,C,Closed,10.0,0.0,150498.36,150252.78,-245.58,-0.16%,0,560.7629395,17784.05078,,,0,0.0,0.0,0.0,0.0
2025-03-20,C,Closed,10.0,0.0,150406.66,150498.36,91.7,0.06%,0,560.5780029,17691.63086,,,0,0.0,0.0,0.0,0.0
2025-03-19,C,Closed,10.0,0.0,150406.66,150406.66,0.0,0.00%,20,562.2037354,17750.78906,,,0,0.0,0.0,0.0,0.0
2025-03-18,C,Closed,10.0,0.0,150406.66,150406.66,0.0,0.00%,0,556.1468506,17504.11914,,,0,0.0,0.0,0.0,0.0
2025-03-17,C,Closed,10.0,0.0,150406.66,150406.66,0.0,0.00%,0,562.2235718,17808.66016,,,0,0.0,0.0,0.0,0.0
2025-03-14,C,Closed,10.0,0.0,150406.66,150406.66,0.0,0.00%,0,557.9212646,17754.08984,,,0,0.0,0.0,0.0,0.0
2025-03-13,C,Closed,10.0,0.0,150406.66,150406.66,0.0,0.00%,0,546.630249,17303.00977,,,0,0.0,0.0,0.0,0.0
2025-03-12,C,Closed,10.0,0.0,150406.66,150406.66,0.0,0.00%,0,554.0155029,17648.44922,,,0,0.0,0.0,0.0,0.0
2025-03-11,C,Closed,10.0,0.0,150406.66,150406.66,0.0,0.00%,0,551.0911255,17436.09961,,,0,0.0,0.0,0.0,0.0
2025-03-10,C,Closed,10.0,0.0,150406.66,150406.66,0.0,0.00%,0,555.7106934,17468.32031,,,0,0.0,0.0,0.0,0.0
2025-03-07,C,Closed,10.0,0.0,150406.66,150406.66,0.0,0.00%,0,570.9173584,18196.2207,,,0,0.0,0.0,0.0,0.0
2025-03-06,C,Closed,10.0,0.0,150406.66,150406.66,0.0,0.00%,0,567.7352905,18069.25977,,,0,0.0,0.0,0.0,0.0
2025-03-05,C,Closed,10.0,0.0,150406.66,150406.66,0.0,0.00%,0,577.9954224,18552.73047,,,0,0.0,0.0,0.0,0.0
2025-03-04,C,Closed,10.0,0.0,157426.44,150406.66,-7019.78,-4.46%,0,571.8492432,18285.16016,,,0,0.0,0.0,0.0,0.0
2025-03-03,C,Closed,10.0,0.0,154559.43,157426.44,2867.01,1.85%,0,578.6992188,18350.18945,,,0,0.0,0.0,0.0,0.0
2025-02-28,C,Closed,10.0,0.0,159606.32,154559.43,-5046.89,-3.16%,78,589.0187988,18847.2793,,,0,0.0,0.0,0.0,0.0
2025-02-27,C,Closed,10.0,0.0,158240.11,159606.32,1366.21,0.86%,0,579.9680176,18544.41992,,,0,0.0,0.0,0.0,0.0
2025-02-26,C,Closed,10.0,0.0,159913.42,158240.11,-1673.31,-1.05%,99,589.3756714,19075.25977,,,0,0.0,0.0,0.0,0.0
2025-02-25,P,Open,10.0,0.0,163368.42,159913.42,-3455.0,-2.11%,60,589.0782471,19026.39063,,,0,0.0,0.0,0.0,0.0
2025-02-24,P,Open,10.0,0.0,163368.42,163368.42,0.0,0.00%,28,592.022522,19286.92969,,,0,0.0,0.0,0.0,0.0
2025-02-21,U,Open,10.0,0.0,168819.33,163368.42,-5450.91,-3.23%,30,594.7287598,19524.00977,,,0,0.0,0.0,0.0,0.0
2025-02-20,U,Open,20.0,0.0,180547.72,168819.33,-11728.39,-6.50%,46,605.078064,19962.35938,,,0,0.0,0.0,0.0,0.0
2025-02-19,U,Open,20.0,0.0,193677.63,180547.72,-13129.91,-6.78%,119,607.605957,20056.25,,,0,0.0,0.0,0.0,0.0
2025-02-18,U,Open,20.0,0.0,190444.55,193677.63,3233.08,1.70%,167,606.1784668,20041.25977,,,0,0.0,0.0,0.0,0.0
2025-02-17,U,Open,10.0,0.0,190444.55,190444.55,0.0,0.00%,201,604.4,20026.77,,,0,0.0,0.0,0.0,0.0
2025-02-14,U,Open,10.0,0.0,184394.41,190444.55,6050.14,3.28%,201,604.4039917,20026.76953,,,0,0.0,0.0,0.0,0.0
2025-02-13,U,Open,10.0,0.0,175359.67,184394.41,9034.74,5.15%,177,604.4337769,19945.64063,,,0,0.0,0.0,0.0,0.0
2025-02-12,U,Open,10.0,0.0,171974.44,175359.67,3385.23,1.97%,193,598.1190796,19649.94922,,,0,0.0,0.0,0.0,0.0
2025-02-11,U,Open,10.0,0.0,179673.45,171974.44,-7699.01,-4.29%,126,600.0521851,19643.85938,,,0,0.0,0.0,0.0,0.0
2025-02-10,U,Open,10.0,0.0,174780.82,179673.45,4892.63,2.80%,125,599.5961304,19714.26953,,,0,0.0,0.0,0.0,0.0
2025-02-07,U,Open,10.0,0.0,165507.95,174780.82,9272.87,5.60%,146,595.5515137,19523.40039,,,0,0.0,0.0,0.0,0.0
2025-02-06,U,Open,10.0,0.0,160986.36,165507.95,4521.59,2.81%,162,601.0533447,19791.99023,,,0,0.0,0.0,0.0,0.0
2025-02-05,U,Open,10.0,0.0,162159.1,160986.36,-1172.74,-0.72%,164,598.9715576,19692.33008,,,0,0.0,0.0,0.0,0.0
2025-02-04,U,Open,10.0,0.0,151739.94,162159.1,10419.16,6.87%,162,596.5528564,19654.01953,,,0,0.0,0.0,0.0,0.0
2025-02-03,U,Open,10.0,0.0,151337.47,151739.94,402.47,0.27%,169,592.5776367,19391.96094,,,0,0.0,0.0,0.0,0.0
2025-01-31,U,Open,10.0,0.0,159953.3,151337.47,-8615.83,-5.39%,158,596.5924683,19627.43945,,,0,0.0,0.0,0.0,0.0
2025-01-30,U,Open,10.0,0.0,155849.99,159953.3,4103.31,2.63%,193,599.7844849,19681.75,,,0,0.0,0.0,0.0,0.0
2025-01-29,U,Open,10.0,0.0,152716.24,155849.99,3133.75,2.05%,174,596.5825195,19632.32031,,,0,0.0,0.0,0.0,0.0
2025-01-28,U,Open,10.0,0.0,147253.02,152716.24,5463.22,3.71%,160,599.269043,19733.58984,,,0,0.0,0.0,0.0,0.0
2025-01-27,U,Open,10.0,0.0,176890.15,147253.02,-29637.13,-16.75%,80,594.1637573,19341.83008,,,0,0.0,0.0,0.0,0.0
2025-01-24,U,Open,20.0,0.0,180748.19,176890.15,-3858.04,-2.13%,189,602.6890259,19954.30078,,,0,0.0,0.0,0.0,0.0
2025-01-23,U,Open,20.0,0.0,178023.95,180748.19,2724.24,1.53%,187,604.4536133,20053.67969,,,0,0.0,0.0,0.0,0.0
2025-01-22,U,Open,20.0,0.0,170739.22,178023.95,7284.73,4.27%,188,601.1723022,20009.33984,,,0,0.0,0.0,0.0,0.0
2025-01-21,U,Open,10.0,0.0,165432.2,170739.22,5307.02,3.21%,222,597.8117065,19756.7793,,,0,0.0,0.0,0.0,0.0
2025-01-20,U,Open,10.0,0.0,165432.2,165432.2,0.0,0.00%,225,592.39,19630.2,,,0,0.0,0.0,0.0,0.0
2025-01-17,U,Open,10.0,0.0,158650.05,165432.2,6782.15,4.27%,225,592.3892822,19630.19922,,,0,0.0,0.0,0.0,0.0
2025-01-16,P,Closed,10.0,0.0,157723.08,158650.05,926.97,0.59%,231,586.5008545,19338.28906,,,0,0.0,0.0,0.0,0.0
2025-01-15,P,Open,10.0,0.0,147148.85,157723.08,10574.23,7.19%,232,587.6309814,19511.23047,,,0,0.0,0.0,0.0,0.0
2025-01-14,P,Closed,10.0,0.0,145826.47,147148.85,1322.38,0.91%,241,577.1329346,19044.39063,,,0,0.0,0.0,0.0,0.0
2025-01-13,P,Closed,10.0,0.0,151867.53,145826.47,-6041.06,-3.98%,207,576.3399048,19088.09961,,,0,0.0,0.0,0.0,0.0
2025-01-10,P,Closed,10.0,0.0,159453.26,151867.53,-7585.73,-4.76%,216,575.4476929,19161.63086,,,0,0.0,0.0,0.0,0.0
2025-01-09,P,Open,10.0,0.0,159453.26,159453.26,0.0,0.00%,224,584.37,19478.88,,,0,0.0,0.0,0.0,0.0
2025-01-08,P,Open,10.0,0.0,159940.46,159453.26,-487.2,-0.30%,224,584.3694458,19478.88086,,,0,0.0,0.0,0.0,0.0
2025-01-07,U,Open,10.0,0.0,176369.02,159940.46,-16428.56,-9.31%,187,583.5169678,19489.67969,,,0,0.0,0.0,0.0,0.0
2025-01-06,U,Open,10.0,0.0,173223.45,176369.02,3145.57,1.82%,214,590.1885376,19864.98047,,,0,0.0,0.0,0.0,0.0
2025-01-03,U,Open,10.0,0.0,160502.72,173223.45,12720.73,7.93%,203,586.8081665,19621.67969,,,0,0.0,0.0,0.0,0.0
2025-01-02,P,Open,10.0,0.0,158683.6,160502.72,1819.12,1.15%,100,579.5616455,19280.78906,,,0,0.0,0.0,0.0,0.0
2024-12-31,P,Open,10.0,0.0,164353.81,158683.6,-5670.21,-3.45%,0,580.9891968,19310.78906,,,0,0.0,0.0,0.0,0.0
2024-12-30,P,Open,10.0,0.0,170193.3,164353.81,-5839.49,-3.43%,0,583.1105957,19486.78906,,,0,0.0,0.0,0.0,0.0
2024-12-27,U,Open,10.0,0.0,178395.98,170193.3,-8202.68,-4.60%,0,589.8416138,19722.0293,,,0,0.0,0.0,0.0,0.0
2024-12-26,U,Open,10.0,0.0,178453.91,178395.98,-57.93,-0.03%,0,596.1166992,20020.35938,,,0,0.0,0.0,0.0,0.0
2024-12-25,U,Open,10.0,0.0,178453.91,178453.91,0.0,0.00%,0,596.08,20031.13,,,0,0.0,0.0,0.0,0.0
2024-12-24,U,Open,10.0,0.0,170406.37,178453.91,8047.54,4.72%,0,596.0769043,20031.13086,,,0,0.0,0.0,0.0,0.0
2024-12-23,U,Open,10.0,0.0,169352.52,170406.37,1053.85,0.62%,0,589.524353,19764.88086,,,0,0.0,0.0,0.0,0.0
2024-12-20,U,Open,10.0,0.0,160012.5,169352.52,9340.02,5.84%,0,586.0151367,19572.59961,,,0,0.0,0.0,0.0,0.0
2024-12-19,U,Open,10.0,0.0,156034.7,160012.5,3977.8,2.55%,0,579.0599976,19372.76953,,,0,0.0,0.0,0.0,0.0
2024-12-18,U,Open,10.0,0.0,168794.68,156034.7,-12759.98,-7.56%,0,579.237915,19392.68945,,,0,0.0,0.0,0.0,0.0
2024-12-17,U,Open,20.0,0.0,175722.24,168794.68,-6927.56,-3.94%,0,597.0314941,20109.06055,,,0,0.0,0.0,0.0,0.0
2024-12-16,U,Open,20.0,0.0,172592.12,175722.24,3130.12,1.81%,0,599.5015259,20173.89063,,,0,0.0,0.0,0.0,0.0
2024-12-13,U,Open,20.0,0.0,164814.2,172592.12,7777.92,4.72%,0,596.9525757,19926.7207,,,0,0.0,0.0,0.0,0.0
2024-12-12,U,Open,20.0,0.0,167463.16,164814.2,-2648.96,-1.58%,0,597.0710449,19902.83984,,,0,0.0,0.0,0.0,0.0
2024-12-11,U,Open,20.0,0.0,158324.03,167463.16,9139.13,5.77%,0,600.1635132,20034.89063,,,0,0.0,0.0,0.0,0.0
2024-12-10,U,Open,20.0,0.0,164990.26,158324.03,-6666.23,-4.04%,0,595.5594482,19687.24023,,,0,0.0,0.0,0.0,0.0
2024-12-09,U,Open,20.0,0.0,173035.84,164990.26,-8045.58,-4.65%,0,597.4168701,19736.68945,,,0,0.0,0.0,0.0,0.0
2024-12-06,U,Open,20.0,0.0,166402.14,173035.84,6633.7,3.99%,0,600.5092773,19859.76953,,,0,0.0,0.0,0.0,0.0
2024-12-05,U,Open,20.0,0.0,166519.36,166402.14,-117.22,-0.07%,0,599.3731079,19700.25977,,,0,0.0,0.0,0.0,0.0
2024-12-04,U,Open,20.0,0.0,162346.13,166519.36,4173.23,2.57%,0,600.361084,19735.11914,,,0,0.0,0.0,0.0,0.0
2024-12-03,U,Open,20.0,0.0,151724.21,162346.13,10621.92,7.00%,0,596.6561279,19480.91016,,,0,0.0,0.0,0.0,0.0
2024-12-02,U,Open,20.0,0.0,151318.73,151724.21,405.48,0.27%,0,596.3795166,19403.94922,,,0,0.0,0.0,0.0,0.0
2024-11-29,U,Open,20.0,0.0,147785.28,151318.73,3533.45,2.39%,0,595.3125,19218.16992,,,0,0.0,0.0,0.0,0.0
2024-11-28,U,Open,20.0,0.0,147785.28,147785.28,0.0,0.00%,0,591.64,19060.48,,,0,0.0,0.0,0.0,0.0
2024-11-27,U,Open,20.0,0.0,148516.17,147785.28,-730.89,-0.49%,0,591.637085,19060.48047,,,0,0.0,0.0,0.0,0.0
2024-11-26,U,Open,20.0,0.0,149646.25,148516.17,-1130.08,-0.76%,0,593.4353638,19174.30078,,,0,0.0,0.0,0.0,0.0
2024-11-25,U,Open,10.0,0.0,152710.09,149646.25,-3063.84,-2.01%,0,590.3528442,19054.83984,,,0,0.0,0.0,0.0,0.0
2024-11-22,U,Open,10.0,0.0,155402.86,152710.09,-2692.77,-1.73%,0,588.3570557,19003.65039,,,0,0.0,0.0,0.0,0.0
2024-11-21,U,Open,10.0,0.0,146942.47,155402.86,8460.39,5.76%,0,586.5391235,18972.41992,,,0,0.0,0.0,0.0,0.0
2024-11-20,U,Open,10.0,0.0,147905.28,146942.47,-962.81,-0.65%,0,583.4072266,18966.14063,,,0,0.0,0.0,0.0,0.0
2024-11-19,U,Open,10.0,0.0,139438.16,147905.28,8467.12,6.07%,0,583.2096558,18987.4707,,,0,0.0,0.0,0.0,0.0
2024-11-18,U,Open,10.0,0.0,140066.58,139438.16,-628.42,-0.45%,0,581.0854492,18791.81055,,,0,0.0,0.0,0.0,0.0
2024-11-15,U,Open,10.0,0.0,142138.45,140066.58,-2071.87,-1.46%,0,578.7142334,18680.11914,,,0,0.0,0.0,0.0,0.0
2024-11-14,U,Open,20.0,0.0,144098.6,142138.45,-1960.15,-1.36%,0,586.2229614,19107.65039,,,0,0.0,0.0,0.0,0.0
2024-11-13,U,Open,20.0,0.0,144941.03,144098.6,-842.43,-0.58%,0,590.0168457,19230.7207,,,0,0.0,0.0,0.0,0.0
2024-11-12,U,Open,20.0,0.0,145545.03,144941.03,-604.0,-0.41%,0,589.7303467,19281.40039,,,0,0.0,0.0,0.0,0.0
2024-11-11,U,Open,20.0,0.0,146614.91,145545.03,-1069.88,-0.73%,0,591.5679932,19298.75977,,,0,0.0,0.0,0.0,0.0
2024-11-08,U,Open,20.0,0.0,145239.82,146614.91,1375.09,0.95%,0,591.0048218,19286.7793,,,0,0.0,0.0,0.0,0.0
2024-11-07,U,Open,10.0,0.0,140806.66,145239.82,4433.16,3.15%,0,588.4558105,19269.46094,,,0,0.0,0.0,0.0,0.0
2024-11-06,U,Open,10.0,0.0,136496.32,140806.66,4310.34,3.16%,0,583.9406738,18983.4707,,,0,0.0,0.0,0.0,0.0
2024-11-05,U,Open,10.0,0.0,129830.31,136496.32,6666.01,5.13%,0,569.7730103,18439.16992,,,0,0.0,0.0,0.0,0.0
2024-11-04,U,Open,10.0,0.0,130413.19,129830.31,-582.88,-0.45%,0,562.9656982,18179.98047,,,0,0.0,0.0,0.0,0.0
2024-11-01,U,Open,10.0,0.0,131141.79,130413.19,-728.6,-0.56%,0,564.1809692,18239.91992,,,0,0.0,0.0,0.0,0.0
2024-10-31,U,Open,20.0,0.0,135028.79,131141.79,-3887.0,-2.88%,0,561.8097534,18095.15039,,,0,0.0,0.0,0.0,0.0
2024-10-30,U,Open,20.0,0.0,131752.88,135028.79,3275.91,2.49%,0,573.0432739,18607.92969,,,0,0.0,0.0,0.0,0.0
2024-10-29,U,Open,20.0,0.0,132107.29,131752.88,-354.41,-0.27%,0,574.7820435,18712.75,,,0,0.0,0.0,0.0,0.0
2024-10-28,U,Open,20.0,0.0,132272.12,132107.29,-164.83,-0.12%,0,573.8533936,18567.18945,,,0,0.0,0.0,0.0,0.0
2024-10-25,U,Open,20.0,0.0,131690.83,132272.12,581.29,0.44%,0,572.0848389,18518.60938,,,0,0.0,0.0,0.0,0.0
2024-10-24,U,Open,20.0,0.0,130749.99,131690.83,940.84,0.72%,0,572.2824707,18415.49023,,,0,0.0,0.0,0.0,0.0
2024-10-23,U,Open,20.0,0.0,135102.24,130749.99,-4352.25,-3.22%,0,571.0474854,18276.65039,,,0,0.0,0.0,0.0,0.0
2024-10-22,U,Open,20.0,0.0,135473.89,135102.24,-371.65,-0.27%,0,576.3135376,18579.76953,,,0,0.0,0.0,0.0,0.0
2024-10-21,U,Open,20.0,0.0,134514.28,135473.89,959.61,0.71%,0,576.619751,18540.00977,,,0,0.0,0.0,0.0,0.0
2024-10-18,U,Open,20.0,0.0,132987.02,134514.28,1527.26,1.15%,0,577.5682373,18489.55078,,,0,0.0,0.0,0.0,0.0
2024-10-17,U,Open,20.0,0.0,133038.93,132987.02,-51.91,-0.04%,0,575.3551025,18373.60938,,,0,0.0,0.0,0.0,0.0
2024-10-16,U,Open,20.0,0.0,130162.43,133038.93,2876.5,2.21%,0,575.3056641,18367.08008,,,0,0.0,0.0,0.0,0.0
2024-10-15,U,Open,20.0,0.0,138222.54,130162.43,-8060.11,-5.83%,0,572.81604,18315.58984,,,0,0.0,0.0,0.0,0.0
2024-10-14,U,Open,20.0,0.0,136751.98,138222.54,1470.56,1.08%,0,577.3015137,18502.68945,,,0,0.0,0.0,0.0,0.0
2024-10-11,U,Open,20.0,0.0,133267.6,136751.98,3484.38,2.61%,0,572.6184082,18342.93945,,,0,0.0,0.0,0.0,0.0
2024-10-10,U,Open,20.0,0.0,133566.79,133267.6,-299.19,-0.22%,0,569.2098999,18282.05078,,,0,0.0,0.0,0.0,0.0
2024-10-09,U,Open,20.0,0.0,132394.71,133566.79,1172.08,0.89%,0,570.2076416,18291.61914,,,0,0.0,0.0,0.0,0.0
2024-10-08,U,Open,20.0,0.0,125595.13,132394.71,6799.58,5.41%,0,566.2854004,18182.91992,,,0,0.0,0.0,0.0,0.0
2024-10-07,U,Open,20.0,0.0,126994.15,125595.13,-1399.02,-1.10%,0,560.9798584,17923.90039,,,0,0.0,0.0,0.0,0.0
2024-10-04,U,Open,20.0,0.0,122312.56,126994.15,4681.59,3.83%,0,566.0975952,18137.84961,,,0,0.0,0.0,0.0,0.0
2024-10-03,U,Open,20.0,0.0,119769.93,122312.56,2542.63,2.12%,0,560.9996338,17918.48047,,,0,0.0,0.0,0.0,0.0
2024-10-02,U,Open,20.0,0.0,118973.7,119769.93,796.23,0.67%,0,562.0271606,17925.11914,,,0,0.0,0.0,0.0,0.0
2024-10-01,U,Open,20.0,0.0,120905.89,118973.7,-1932.19,-1.60%,0,561.789978,17910.35938,,,0,0.0,0.0,0.0,0.0
2024-09-30,U,Open,20.0,0.0,121172.16,120905.89,-266.27,-0.22%,0,566.8682861,18189.16992,,,0,0.0,0.0,0.0,0.0
2024-09-27,U,Open,20.0,0.0,124935.16,121172.16,-3763.0,-3.01%,0,564.605835,18119.58984,,,0,0.0,0.0,0.0,0.0
2024-09-26,U,Open,20.0,0.0,124692.21,124935.16,242.95,0.19%,0,565.4257813,18190.28906,,,0,0.0,0.0,0.0,0.0
2024-09-25,U,Open,20.0,0.0,123138.82,124692.21,1553.39,1.26%,0,563.1928711,18082.21094,,,0,0.0,0.0,0.0,0.0
2024-09-24,U,Open,20.0,0.0,121071.13,123138.82,2067.69,1.71%,0,564.4378052,18074.51953,,,0,0.0,0.0,0.0,0.0
2024-09-23,U,Open,20.0,0.0,120146.04,121071.13,925.09,0.77%,0,562.8273926,17974.26953,,,0,0.0,0.0,0.0,0.0
2024-09-20,U,Open,20.0,0.0,120505.55,120146.04,-359.51,-0.30%,0,561.4243774,17948.32031,,,0,0.0,0.0,0.0,0.0
2024-09-19,U,Open,20.0,0.0,116600.98,120505.55,3904.57,3.35%,0,562.3966064,18013.98047,,,0,0.0,0.0,0.0,0.0
2024-09-18,U,Open,20.0,0.0,117100.9,116600.98,-499.92,-0.43%,0,552.9606934,17573.30078,,,0,0.0,0.0,0.0,0.0
2024-09-17,U,Open,20.0,0.0,117610.84,117100.9,-509.94,-0.43%,0,554.6055908,17628.06055,,,0,0.0,0.0,0.0,0.0
2024-09-16,U,Open,10.0,0.0,118592.33,117610.84,-981.49,-0.83%,0,554.3790894,17592.13086,,,0,0.0,0.0,0.0,0.0
2024-09-13,U,Open,10.0,0.0,118467.35,118592.33,124.98,0.11%,0,553.5614624,17683.98047,,,0,0.0,0.0,0.0,0.0
2024-09-12,U,Open,10.0,0.0,117106.59,118467.35,1360.76,1.16%,0,550.6853638,17569.67969,,,0,0.0,0.0,0.0,0.0
2024-09-11,P,Open,10.0,0.0,114708.92,117106.59,2397.67,2.09%,0,546.0855713,17395.5293,,,0,0.0,0.0,0.0,0.0
2024-09-10,,,10.0,0.0,114232.75,114708.92,476.17,0.42%,0,540.5402222,17025.88086,,,0,0.0,0.0,0.0,0.0
2024-09-09,,,10.0,0.0,111857.56,114232.75,2375.19,2.12%,0,538.1959229,16884.59961,,,0,0.0,0.0,0.0,0.0
2024-09-06,,,10.0,0.0,113969.28,111857.56,-2111.72,-1.85%,0,532.2369385,16690.83008,,,0,0.0,0.0,0.0,0.0
2024-09-05,,,10.0,0.0,113420.72,113969.28,548.56,0.48%,0,541.3479004,17127.66016,,,0,0.0,0.0,0.0,0.0
2024-09-04,,,10.0,0.0,100000.0,113420.72,13420.72,13.42%,0,542.6678467,17084.30078,,,0,0.0,0.0,0.0,0.0
2024-09-03,,,10.0,0.0,100000.0,100000.0,0.0,0.00%,0,543.7808228,17136.30078,,,0,0.0,0.0,0.0,0.0
2024-09-02,,,10.0,0.0,100000.0,100000.0,0.0,0.00%,0,555.21,17713.62,,,0,0.0,0.0,0.0,0.0
