Trade_ID,Ticker,Action,Date,Shares,Amount,Value,Rule,Notes,Realized_PL,Stop_Loss,Trx_ID,Total_Cost,Avg_Entry,Avg_Exit
2025-1,NVDA,BUY,2023-11-16 09:30,652.0,110.44,72006.88,History,Imported Buy,0.0,0.0,nan,0.0,0.0,0.0
2025-1,NVDA,SELL,2025-01-29 16:00,652.0,125.34,81721.68000000001,History,Imported Sell,9714.800000000005,0.0,nan,0.0,0.0,0.0
2025-2,PLTR,BUY,2024-08-08 09:30,2282.0,65.16,148695.12,History,Imported Buy,0.0,0.0,nan,0.0,0.0,0.0
2025-2,PLTR,SELL,2025-02-27 16:00,2282.0,74.58,170191.56,History,Imported Sell,21496.44,0.0,nan,0.0,0.0,0.0
2025-3,RDDT,BUY,2024-10-02 09:30,886.0,133.5,118281.0,History,Imported Buy,0.0,0.0,nan,0.0,0.0,0.0
2025-3,RDDT,SELL,2025-02-20 16:00,886.0,152.62,135221.32,History,Imported Sell,16940.320000000003,0.0,nan,0.0,0.0,0.0
2025-4,DECK,BUY,2024-11-08 09:30,150.0,180.85,27127.5,History,Imported Buy,0.0,0.0,nan,0.0,0.0,0.0
2025-4,DECK,SELL,2025-01-31 16:00,150.0,182.84,27426.0,History,Imported Sell,298.50000000000136,0.0,nan,0.0,0.0,0.0
2025-5,ALAB,BUY,2024-11-13 09:30,467.0,108.59,50711.53,History,Imported Buy,0.0,0.0,nan,0.0,0.0,0.0
2025-5,ALAB,SELL,2025-01-27 16:00,467.0,97.85,45695.95,History,Imported Sell,-5015.5800000000045,0.0,nan,0.0,0.0,0.0
2025-6,NET,BUY,2025-01-02 09:30,198.0,114.46,22663.08,History,Imported Buy,0.0,0.0,nan,0.0,0.0,0.0
2025-6,NET,SELL,2025-01-10 16:00,198.0,109.82,21744.359999999997,History,Imported Sell,-918.72,0.0,nan,0.0,0.0,0.0
2025-7,APP,BUY,2025-01-02 09:30,66.0,339.75,22423.5,History,Imported Buy,0.0,0.0,nan,0.0,0.0,0.0
2025-7,APP,SELL,2025-01-07 16:00,66.0,327.52,21616.32,History,Imported Sell,-807.1800000000012,0.0,nan,0.0,0.0,0.0
2025-8,SPOT,BUY,2025-01-02 09:30,67.0,469.52,31457.84,History,Imported Buy,0.0,0.0,nan,0.0,0.0,0.0
2025-8,SPOT,SELL,2025-02-03 16:00,67.0,531.57,35615.19,History,Imported Sell,4157.350000000005,0.0,nan,0.0,0.0,0.0
2025-9,IBKR,BUY,2025-01-02 09:30,120.0,182.45,21894.0,History,Imported Buy,0.0,0.0,nan,0.0,0.0,0.0
2025-9,IBKR,SELL,2025-01-27 16:00,120.0,201.98,24237.6,History,Imported Sell,2343.6000000000004,0.0,nan,0.0,0.0,0.0
2025-10,GEV,BUY,2025-01-03 09:30,75.0,351.4,26355.0,History,Imported Buy,0.0,0.0,nan,0.0,0.0,0.0
2025-10,GEV,SELL,2025-01-27 16:00,75.0,356.86,26764.5,History,Imported Sell,409.50000000000273,0.0,nan,0.0,0.0,0.0
2025-11,MSTR,BUY,2025-01-03 09:30,20.0,358.68,7173.6,History,Imported Buy,0.0,0.0,nan,0.0,0.0,0.0
2025-11,MSTR,SELL,2025-01-07 16:00,20.0,357.48,7149.6,History,Imported Sell,-23.999999999999773,0.0,nan,0.0,0.0,0.0
2025-12,ASAN,BUY,2025-01-08 09:30,1098.0,19.49,21400.019999999997,History,Imported Buy,0.0,0.0,nan,0.0,0.0,0.0
2025-12,ASAN,SELL,2025-01-27 16:00,1098.0,20.05,22014.9,History,Imported Sell,614.8800000000025,0.0,nan,0.0,0.0,0.0
2025-13,APP,BUY,2025-01-13 09:30,66.0,315.14,20799.24,History,Imported Buy,0.0,0.0,nan,0.0,0.0,0.0
2025-13,APP,SELL,2025-01-27 16:00,66.0,337.03,22243.98,History,Imported Sell,1444.739999999999,0.0,nan,0.0,0.0,0.0
2025-14,CAVA,BUY,2025-01-14 09:30,337.0,122.35,41231.95,History,Imported Buy,0.0,0.0,nan,0.0,0.0,0.0
2025-14,CAVA,SELL,2025-02-19 16:00,337.0,123.49,41616.13,History,Imported Sell,384.1800000000002,0.0,nan,0.0,0.0,0.0
2025-15,KVYO,BUY,2025-01-14 09:30,130.0,39.45,5128.5,History,Imported Buy,0.0,0.0,nan,0.0,0.0,0.0
2025-15,KVYO,SELL,2025-01-22 16:00,130.0,42.13,5476.900000000001,History,Imported Sell,348.4,0.0,nan,0.0,0.0,0.0
2025-16,ISRG,BUY,2025-01-28 09:30,26.0,572.67,14889.419999999998,History,Imported Buy,0.0,0.0,nan,0.0,0.0,0.0
2025-16,ISRG,SELL,2025-01-31 16:00,26.0,573.26,14904.76,History,Imported Sell,15.340000000000828,0.0,nan,0.0,0.0,0.0
2025-17,GRMN,BUY,2025-01-28 09:30,100.0,220.15,22015.0,History,Imported Buy,0.0,0.0,nan,0.0,0.0,0.0
2025-17,GRMN,SELL,2025-01-29 16:00,100.0,215.9,21590.0,History,Imported Sell,-425.0,0.0,nan,0.0,0.0,0.0
2025-18,LULU,BUY,2025-01-28 09:30,52.0,412.67,21458.84,History,Imported Buy,0.0,0.0,nan,0.0,0.0,0.0
2025-18,LULU,SELL,2025-02-03 16:00,52.0,403.41,20977.32,History,Imported Sell,-481.5199999999995,0.0,nan,0.0,0.0,0.0
2025-19,DOCS,BUY,2025-01-28 09:30,793.0,65.24,51735.31999999999,History,Imported Buy,0.0,0.0,nan,0.0,0.0,0.0
2025-19,DOCS,SELL,2025-02-27 16:00,793.0,72.31,57341.83,History,Imported Sell,5606.510000000006,0.0,nan,0.0,0.0,0.0
2025-20,SE,BUY,2025-01-28 09:30,175.0,121.19,21208.25,History,Imported Buy,0.0,0.0,nan,0.0,0.0,0.0
2025-20,SE,SELL,2025-02-20 16:00,175.0,131.74,23054.5,History,Imported Sell,1846.250000000002,0.0,nan,0.0,0.0,0.0
2025-21,APP,BUY,2025-01-29 09:30,88.0,390.2,34337.6,History,Imported Buy,0.0,0.0,nan,0.0,0.0,0.0
2025-21,APP,SELL,2025-02-20 16:00,88.0,427.96,37660.48,History,Imported Sell,3322.879999999999,0.0,nan,0.0,0.0,0.0
2025-22,XYZ,BUY,2025-01-29 09:30,225.0,89.73,20189.25,History,Imported Buy,0.0,0.0,nan,0.0,0.0,0.0
2025-22,XYZ,SELL,2025-02-04 16:00,225.0,85.7,19282.5,History,Imported Sell,-906.7500000000002,0.0,nan,0.0,0.0,0.0
2025-23,UAL,BUY,2025-01-29 09:30,210.0,108.48,22780.8,History,Imported Buy,0.0,0.0,nan,0.0,0.0,0.0
2025-23,UAL,SELL,2025-01-31 16:00,210.0,106.47,22358.7,History,Imported Sell,-422.10000000000105,0.0,nan,0.0,0.0,0.0
2025-24,SHOP,BUY,2025-01-30 09:30,200.0,119.49,23898.0,History,Imported Buy,0.0,0.0,nan,0.0,0.0,0.0
2025-24,SHOP,SELL,2025-01-31 16:00,200.0,116.47,23294.0,History,Imported Sell,-603.9999999999992,0.0,nan,0.0,0.0,0.0
2025-25,SNOW,BUY,2025-01-31 09:30,120.0,185.51,22261.199999999997,History,Imported Buy,0.0,0.0,nan,0.0,0.0,0.0
2025-25,SNOW,SELL,2025-02-05 16:00,120.0,183.73,22047.6,History,Imported Sell,-213.60000000000016,0.0,nan,0.0,0.0,0.0
2025-26,NFLX,BUY,2025-02-03 09:30,23.0,983.61,22623.03,History,Imported Buy,0.0,0.0,nan,0.0,0.0,0.0
2025-26,NFLX,SELL,2025-02-18 16:00,23.0,1035.18,23809.140000000003,History,Imported Sell,1186.110000000001,0.0,nan,0.0,0.0,0.0
2025-27,COST,BUY,2025-02-03 09:30,12.0,994.27,11931.24,History,Imported Buy,0.0,0.0,nan,0.0,0.0,0.0
2025-27,COST,SELL,2025-02-10 16:00,12.0,1049.91,12598.920000000002,History,Imported Sell,667.6800000000012,0.0,nan,0.0,0.0,0.0
2025-28,IBKR,BUY,2025-02-03 09:30,90.0,223.73,20135.7,History,Imported Buy,0.0,0.0,nan,0.0,0.0,0.0
2025-28,IBKR,SELL,2025-02-05 16:00,90.0,224.07,20166.3,History,Imported Sell,30.600000000000307,0.0,nan,0.0,0.0,0.0
2025-29,ISRG,BUY,2025-02-04 09:30,36.0,591.35,21288.6,History,Imported Buy,0.0,0.0,nan,0.0,0.0,0.0
2025-29,ISRG,SELL,2025-02-05 16:00,36.0,588.21,21175.56,History,Imported Sell,-113.03999999999952,0.0,nan,0.0,0.0,0.0
2025-30,IOT,BUY,2025-02-05 09:30,623.0,55.3,34451.9,History,Imported Buy,0.0,0.0,nan,0.0,0.0,0.0
2025-30,IOT,SELL,2025-02-19 16:00,623.0,58.58,36495.34,History,Imported Sell,2043.4400000000007,0.0,nan,0.0,0.0,0.0
2025-31,AXON,BUY,2025-02-05 09:30,33.0,678.93,22404.69,History,Imported Buy,0.0,0.0,nan,0.0,0.0,0.0
2025-31,AXON,SELL,2025-02-10 16:00,33.0,675.0,22275.0,History,Imported Sell,-129.68999999999835,0.0,nan,0.0,0.0,0.0
2025-32,DUOL,BUY,2025-02-12 09:30,45.0,386.0,17370.0,History,Imported Buy,0.0,0.0,nan,0.0,0.0,0.0
2025-32,DUOL,SELL,2025-02-18 16:00,45.0,428.82,19296.9,History,Imported Sell,1926.8999999999996,0.0,nan,0.0,0.0,0.0
2025-33,ARKK,BUY,2025-02-12 09:30,540.0,62.56,33782.4,History,Imported Buy,0.0,0.0,nan,0.0,0.0,0.0
2025-33,ARKK,SELL,2025-02-19 16:00,540.0,67.13,36250.2,History,Imported Sell,2467.7999999999965,0.0,nan,0.0,0.0,0.0
2025-34,SHOP,BUY,2025-02-12 09:30,144.0,122.0,17568.0,History,Imported Buy,0.0,0.0,nan,0.0,0.0,0.0
2025-34,SHOP,SELL,2025-02-18 16:00,144.0,126.92,18276.48,History,Imported Sell,708.4800000000002,0.0,nan,0.0,0.0,0.0
2025-35,SNOW,BUY,2025-02-12 09:30,93.0,187.92,17476.559999999998,History,Imported Buy,0.0,0.0,nan,0.0,0.0,0.0
2025-35,SNOW,SELL,2025-02-13 16:00,93.0,192.21,17875.530000000002,History,Imported Sell,398.9700000000019,0.0,nan,0.0,0.0,0.0
2025-36,GTLB,BUY,2025-02-12 09:30,246.0,70.32,17298.719999999998,History,Imported Buy,0.0,0.0,nan,0.0,0.0,0.0
2025-36,GTLB,SELL,2025-02-13 16:00,246.0,70.52,17347.92,History,Imported Sell,49.2000000000007,0.0,nan,0.0,0.0,0.0
2025-37,AXON,BUY,2025-02-14 09:30,54.0,675.09,36454.86,History,Imported Buy,0.0,0.0,nan,0.0,0.0,0.0
2025-37,AXON,SELL,2025-02-19 16:00,54.0,669.96,36177.84,History,Imported Sell,-277.01999999999975,0.0,nan,0.0,0.0,0.0
2025-38,TWLO,BUY,2025-02-18 09:30,154.0,125.43,19316.22,History,Imported Buy,0.0,0.0,nan,0.0,0.0,0.0
2025-38,TWLO,SELL,2025-02-19 16:00,154.0,120.4,18541.6,History,Imported Sell,-774.6200000000001,0.0,nan,0.0,0.0,0.0
2025-39,META,BUY,2025-02-19 09:30,51.0,699.14,35656.14,History,Imported Buy,0.0,0.0,nan,0.0,0.0,0.0
2025-39,META,SELL,2025-02-20 16:00,51.0,696.95,35544.450000000004,History,Imported Sell,-111.689999999997,0.0,nan,0.0,0.0,0.0
2025-40,ARKK,BUY,2025-02-19 09:30,540.0,66.66,35996.4,History,Imported Buy,0.0,0.0,nan,0.0,0.0,0.0
2025-40,ARKK,SELL,2025-02-19 16:00,540.0,65.51,35375.4,History,Imported Sell,-620.9999999999955,0.0,nan,0.0,0.0,0.0
2025-41,PLTR,BUY,2025-02-20 09:30,155.0,105.09,16288.95,History,Imported Buy,0.0,0.0,nan,0.0,0.0,0.0
2025-41,PLTR,SELL,2025-02-21 16:00,155.0,101.75,15771.25,History,Imported Sell,-517.7000000000005,0.0,nan,0.0,0.0,0.0
2025-42,META,BUY,2025-02-25 09:30,48.0,658.93,31628.64,History,Imported Buy,0.0,0.0,nan,0.0,0.0,0.0
2025-42,META,SELL,2025-02-27 16:00,48.0,658.7,31617.6,History,Imported Sell,-11.039999999995416,0.0,nan,0.0,0.0,0.0
2025-43,NFLX,BUY,2025-02-25 09:30,32.0,977.13,31268.16,History,Imported Buy,0.0,0.0,nan,0.0,0.0,0.0
2025-43,NFLX,SELL,2025-02-27 16:00,32.0,964.0,30848.0,History,Imported Sell,-420.15999999999985,0.0,nan,0.0,0.0,0.0
2025-44,SPOT,BUY,2025-02-26 09:30,52.0,605.43,31482.359999999997,History,Imported Buy,0.0,0.0,nan,0.0,0.0,0.0
2025-44,SPOT,SELL,2025-02-27 16:00,52.0,592.25,30797.0,History,Imported Sell,-685.3599999999974,0.0,nan,0.0,0.0,0.0
2025-45,TQQQ,BUY,2025-02-28 09:30,684.0,71.56,48947.04,History,Imported Buy,0.0,0.0,nan,0.0,0.0,0.0
2025-45,TQQQ,SELL,2025-03-03 16:00,684.0,70.0,47880.0,History,Imported Sell,-1067.0400000000016,0.0,nan,0.0,0.0,0.0
2025-46,TSLA,BUY,2025-02-28 09:30,93.0,291.21,27082.53,History,Imported Buy,0.0,0.0,nan,0.0,0.0,0.0
2025-46,TSLA,SELL,2025-03-03 16:00,93.0,281.33,26163.69,History,Imported Sell,-918.8399999999996,0.0,nan,0.0,0.0,0.0
2025-47,NFLX,BUY,2025-02-28 09:30,30.0,975.79,29273.699999999997,History,Imported Buy,0.0,0.0,nan,0.0,0.0,0.0
2025-47,NFLX,SELL,2025-03-03 16:00,30.0,968.76,29062.8,History,Imported Sell,-210.8999999999992,0.0,nan,0.0,0.0,0.0
2025-48,NET,BUY,2025-02-28 09:30,105.0,143.32,15048.6,History,Imported Buy,0.0,0.0,nan,0.0,0.0,0.0
2025-48,NET,SELL,2025-03-03 16:00,105.0,142.79,14992.95,History,Imported Sell,-55.65000000000012,0.0,nan,0.0,0.0,0.0
2025-49,PLTR,BUY,2025-03-03 09:30,340.0,88.96,30246.4,History,Imported Buy,0.0,0.0,nan,0.0,0.0,0.0
2025-49,PLTR,SELL,2025-03-03 16:00,340.0,83.16,28274.4,History,Imported Sell,-1971.999999999999,0.0,nan,0.0,0.0,0.0
2025-50,TQQQ,BUY,2025-03-19 09:30,243.0,61.91,15044.13,History,Imported Buy,0.0,0.0,nan,0.0,0.0,0.0
2025-50,TQQQ,SELL,2025-03-20 16:00,243.0,61.06,14837.58,History,Imported Sell,-206.54999999999865,0.0,nan,0.0,0.0,0.0
2025-51,DASH,BUY,2025-03-19 09:30,80.0,190.52,15241.6,History,Imported Buy,0.0,0.0,nan,0.0,0.0,0.0
2025-51,DASH,SELL,2025-03-20 16:00,80.0,191.2,15296.0,History,Imported Sell,54.39999999999827,0.0,nan,0.0,0.0,0.0
2025-52,TQQQ,BUY,2025-03-24 09:30,240.0,65.21,15650.399999999998,History,Imported Buy,0.0,0.0,nan,0.0,0.0,0.0
2025-52,TQQQ,SELL,2025-03-26 16:00,240.0,64.44,15465.6,History,Imported Sell,-184.79999999999905,0.0,nan,0.0,0.0,0.0
2025-53,PLTR,BUY,2025-03-24 09:30,377.0,94.41,35592.57,History,Imported Buy,0.0,0.0,nan,0.0,0.0,0.0
2025-53,PLTR,SELL,2025-03-28 16:00,377.0,90.54,34133.58,History,Imported Sell,-1458.9899999999964,0.0,nan,0.0,0.0,0.0
2025-54,UPRO,BUY,2025-03-24 09:30,239.0,79.87,19088.93,History,Imported Buy,0.0,0.0,nan,0.0,0.0,0.0
2025-54,UPRO,SELL,2025-03-28 16:00,239.0,80.31,19194.09,History,Imported Sell,105.15999999999946,0.0,nan,0.0,0.0,0.0
2025-55,DOCS,BUY,2025-03-25 09:30,225.0,67.19,15117.75,History,Imported Buy,0.0,0.0,nan,0.0,0.0,0.0
2025-55,DOCS,SELL,2025-03-26 16:00,225.0,64.21,14447.249999999998,History,Imported Sell,-670.5000000000009,0.0,nan,0.0,0.0,0.0
2025-56,SPOT,BUY,2025-03-27 09:30,27.0,582.33,15722.910000000002,History,Imported Buy,0.0,0.0,nan,0.0,0.0,0.0
2025-56,SPOT,SELL,2025-03-28 16:00,27.0,584.79,15789.329999999998,History,Imported Sell,66.41999999999791,0.0,nan,0.0,0.0,0.0
2025-57,TQQQ,BUY,2025-04-11 09:30,78.0,48.51,3783.78,History,Imported Buy,0.0,0.0,nan,0.0,0.0,0.0
2025-57,TQQQ,SELL,2025-04-16 16:00,78.0,47.06,3670.68,History,Imported Sell,-113.09999999999968,0.0,nan,0.0,0.0,0.0
2025-58,QQQ,BUY,2025-04-11 09:30,33.0,454.21,14988.929999999998,History,Imported Buy,0.0,0.0,nan,0.0,0.0,0.0
2025-58,QQQ,SELL,2025-04-15 16:00,33.0,460.81,15206.73,History,Imported Sell,217.80000000000075,0.0,nan,0.0,0.0,0.0
2025-59,HOOD,BUY,2025-04-11 09:30,327.0,43.6,14257.2,History,Imported Buy,0.0,0.0,nan,0.0,0.0,0.0
2025-59,HOOD,SELL,2025-04-16 16:00,327.0,41.51,13573.77,History,Imported Sell,-683.4300000000011,0.0,nan,0.0,0.0,0.0
2025-60,PLTR,BUY,2025-04-11 09:30,225.0,95.6,21510.0,History,Imported Buy,0.0,0.0,nan,0.0,0.0,0.0
2025-60,PLTR,SELL,2025-04-16 16:00,225.0,92.53,20819.25,History,Imported Sell,-690.7499999999984,0.0,nan,0.0,0.0,0.0
2025-61,TQQQ,BUY,2025-04-22 09:30,1423.0,64.61,91940.03,History,Imported Buy,0.0,0.0,nan,0.0,0.0,0.0
2025-61,TQQQ,SELL,2025-07-11 16:00,1423.0,74.38,105842.74,History,Imported Sell,13902.709999999994,0.0,nan,0.0,0.0,0.0
2025-62,HOOD,BUY,2025-04-23 09:30,3045.0,84.29,256663.05,History,Imported Buy,0.0,0.0,nan,0.0,0.0,0.0
2025-62,HOOD,SELL,2025-11-07 16:00,3045.0,101.1,307849.5,History,Imported Sell,51186.44999999996,0.0,nan,0.0,0.0,0.0
2025-63,PLTR,BUY,2025-04-23 09:30,1100.0,134.96,148456.0,History,Imported Buy,0.0,0.0,nan,0.0,0.0,0.0
2025-63,PLTR,SELL,2025-09-04 16:00,1100.0,147.22,161942.0,History,Imported Sell,13485.999999999987,0.0,nan,0.0,0.0,0.0
2025-64,SPOT,BUY,2025-04-23 09:30,25.0,607.49,15187.25,History,Imported Buy,0.0,0.0,nan,0.0,0.0,0.0
2025-64,SPOT,SELL,2025-04-29 16:00,25.0,558.3,13957.499999999998,History,Imported Sell,-1229.7500000000014,0.0,nan,0.0,0.0,0.0
2025-65,DASH,BUY,2025-04-23 09:30,81.0,186.11,15074.910000000002,History,Imported Buy,0.0,0.0,nan,0.0,0.0,0.0
2025-65,DASH,SELL,2025-05-07 16:00,81.0,184.55,14948.55,History,Imported Sell,-126.36000000000018,0.0,nan,0.0,0.0,0.0
2025-66,TSLA,BUY,2025-04-28 09:30,26.0,294.34,7652.839999999999,History,Imported Buy,0.0,0.0,nan,0.0,0.0,0.0
2025-66,TSLA,SELL,2025-04-29 16:00,26.0,280.9,7303.4,History,Imported Sell,-349.43999999999994,0.0,nan,0.0,0.0,0.0
2025-67,SPOT,BUY,2025-04-29 09:30,107.0,637.99,68264.93000000001,History,Imported Buy,0.0,0.0,nan,0.0,0.0,0.0
2025-67,SPOT,SELL,2025-07-18 16:00,107.0,669.23,71607.61,History,Imported Sell,3342.680000000001,0.0,nan,0.0,0.0,0.0
2025-68,GEV,BUY,2025-04-30 09:30,174.0,476.32,82879.68,History,Imported Buy,0.0,0.0,nan,0.0,0.0,0.0
2025-68,GEV,SELL,2025-08-20 16:00,174.0,598.82,104194.68,History,Imported Sell,21315.00000000001,0.0,nan,0.0,0.0,0.0
2025-69,HIMS,BUY,2025-04-30 09:30,1555.0,49.15,76428.25,History,Imported Buy,0.0,0.0,nan,0.0,0.0,0.0
2025-69,HIMS,SELL,2025-06-23 16:00,1555.0,49.14,76412.7,History,Imported Sell,-15.549999999996906,0.0,nan,0.0,0.0,0.0
2025-70,BKNG,BUY,2025-04-30 09:30,3.0,5039.17,15117.51,History,Imported Buy,0.0,0.0,nan,0.0,0.0,0.0
2025-70,BKNG,SELL,2025-05-09 16:00,3.0,5112.61,15337.829999999998,History,Imported Sell,220.3199999999988,0.0,nan,0.0,0.0,0.0
2025-71,ODD,BUY,2025-05-01 09:30,351.0,62.91,22081.41,History,Imported Buy,0.0,0.0,nan,0.0,0.0,0.0
2025-71,ODD,SELL,2025-05-13 16:00,351.0,61.98,21754.98,History,Imported Sell,-326.4299999999999,0.0,nan,0.0,0.0,0.0
2025-72,RBRK,BUY,2025-05-05 09:30,354.0,83.83,29675.82,History,Imported Buy,0.0,0.0,nan,0.0,0.0,0.0
2025-72,RBRK,SELL,2025-06-10 16:00,354.0,90.27,31955.58,History,Imported Sell,2279.7599999999993,0.0,nan,0.0,0.0,0.0
2025-73,FETH,BUY,2025-05-08 09:30,334.0,22.32,7454.88,History,Imported Buy,0.0,0.0,nan,0.0,0.0,0.0
2025-73,FETH,SELL,2025-05-14 16:00,334.0,26.15,8734.1,History,Imported Sell,1279.2199999999991,0.0,nan,0.0,0.0,0.0
2025-74,TSLA,BUY,2025-05-09 09:30,93.0,313.22,29129.460000000003,History,Imported Buy,0.0,0.0,nan,0.0,0.0,0.0
2025-74,TSLA,SELL,2025-06-05 16:00,93.0,314.27,29227.109999999997,History,Imported Sell,97.64999999999576,0.0,nan,0.0,0.0,0.0
2025-75,GDX,BUY,2025-05-09 09:30,657.0,50.17,32961.69,History,Imported Buy,0.0,0.0,nan,0.0,0.0,0.0
2025-75,GDX,SELL,2025-05-12 16:00,657.0,47.78,31391.46,History,Imported Sell,-1570.2300000000005,0.0,nan,0.0,0.0,0.0
2025-76,CRWV,BUY,2025-05-12 09:30,900.0,111.86,100674.0,History,Imported Buy,0.0,0.0,nan,0.0,0.0,0.0
2025-76,CRWV,SELL,2025-07-29 16:00,900.0,133.33,119997.0,History,Imported Sell,19323.00000000001,0.0,nan,0.0,0.0,0.0
2025-77,UBER,BUY,2025-05-12 09:30,315.0,86.68,27304.2,History,Imported Buy,0.0,0.0,nan,0.0,0.0,0.0
2025-77,UBER,SELL,2025-05-20 16:00,315.0,91.46,28809.9,History,Imported Sell,1505.699999999996,0.0,nan,0.0,0.0,0.0
2025-78,RBLX,BUY,2025-05-12 09:30,336.0,74.3,24964.8,History,Imported Buy,0.0,0.0,nan,0.0,0.0,0.0
2025-78,RBLX,SELL,2025-05-20 16:00,336.0,81.16,27269.76,History,Imported Sell,2304.96,0.0,nan,0.0,0.0,0.0
2025-79,NVDA,BUY,2025-05-13 09:30,500.0,142.72,71360.0,History,Imported Buy,0.0,0.0,nan,0.0,0.0,0.0
2025-79,NVDA,SELL,2025-08-20 16:00,500.0,171.78,85890.0,History,Imported Sell,14530.000000000002,0.0,nan,0.0,0.0,0.0
2025-80,NFLX,BUY,2025-05-14 09:30,25.0,1154.04,28851.0,History,Imported Buy,0.0,0.0,nan,0.0,0.0,0.0
2025-80,NFLX,SELL,2025-05-23 16:00,25.0,1185.73,29643.25,History,Imported Sell,792.2500000000014,0.0,nan,0.0,0.0,0.0
2025-81,BIRK,BUY,2025-05-16 09:30,327.0,58.07,18988.89,History,Imported Buy,0.0,0.0,nan,0.0,0.0,0.0
2025-81,BIRK,SELL,2025-05-16 16:00,327.0,56.9,18606.3,History,Imported Sell,-382.59000000000054,0.0,nan,0.0,0.0,0.0
2025-82,BROS,BUY,2025-05-16 09:30,393.0,72.86,28633.98,History,Imported Buy,0.0,0.0,nan,0.0,0.0,0.0
2025-82,BROS,SELL,2025-05-19 16:00,393.0,73.15,28747.95,History,Imported Sell,113.97000000000246,0.0,nan,0.0,0.0,0.0
2025-83,APP,BUY,2025-05-19 09:30,54.0,372.64,20122.56,History,Imported Buy,0.0,0.0,nan,0.0,0.0,0.0
2025-83,APP,SELL,2025-05-20 16:00,54.0,368.51,19899.54,History,Imported Sell,-223.01999999999975,0.0,nan,0.0,0.0,0.0
2025-84,DUOL,BUY,2025-05-20 09:30,15.0,526.61,7899.150000000001,History,Imported Buy,0.0,0.0,nan,0.0,0.0,0.0
2025-84,DUOL,SELL,2025-05-20 16:00,15.0,521.4,7821.0,History,Imported Sell,-78.15000000000055,0.0,nan,0.0,0.0,0.0
2025-85,META,BUY,2025-05-21 09:30,63.0,644.81,40623.03,History,Imported Buy,0.0,0.0,nan,0.0,0.0,0.0
2025-85,META,SELL,2025-05-21 16:00,63.0,633.29,39897.27,History,Imported Sell,-725.7599999999989,0.0,nan,0.0,0.0,0.0
2025-86,TOST,BUY,2025-05-22 09:30,699.0,42.82,29931.18,History,Imported Buy,0.0,0.0,nan,0.0,0.0,0.0
2025-86,TOST,SELL,2025-05-23 16:00,699.0,42.56,29749.44,History,Imported Sell,-181.73999999999864,0.0,nan,0.0,0.0,0.0
2025-87,IBIT,BUY,2025-05-22 09:30,150.0,62.5,9375.0,History,Imported Buy,0.0,0.0,nan,0.0,0.0,0.0
2025-87,IBIT,SELL,2025-05-23 16:00,150.0,61.63,9244.5,History,Imported Sell,-130.4999999999996,0.0,nan,0.0,0.0,0.0
2025-88,SE,BUY,2025-05-23 09:30,125.0,165.03,20628.75,History,Imported Buy,0.0,0.0,nan,0.0,0.0,0.0
2025-88,SE,SELL,2025-05-29 16:00,125.0,160.78,20097.5,History,Imported Sell,-531.25,0.0,nan,0.0,0.0,0.0
2025-89,OKLO,BUY,2025-05-27 09:30,768.0,52.72,40488.96,History,Imported Buy,0.0,0.0,nan,0.0,0.0,0.0
2025-89,OKLO,SELL,2025-05-29 16:00,768.0,52.27,40143.36,History,Imported Sell,-345.5999999999967,0.0,nan,0.0,0.0,0.0
2025-90,AS,BUY,2025-05-27 09:30,525.0,38.29,20102.25,History,Imported Buy,0.0,0.0,nan,0.0,0.0,0.0
2025-90,AS,SELL,2025-05-29 16:00,525.0,36.73,19283.25,History,Imported Sell,-819.0000000000011,0.0,nan,0.0,0.0,0.0
2025-91,LTBR,BUY,2025-05-28 09:30,500.0,17.32,8660.0,History,Imported Buy,0.0,0.0,nan,0.0,0.0,0.0
2025-91,LTBR,SELL,2025-05-28 16:00,500.0,16.8,8400.0,History,Imported Sell,-259.9999999999998,0.0,nan,0.0,0.0,0.0
2025-92,DUOL,BUY,2025-05-30 09:30,81.0,504.35,40852.35,History,Imported Buy,0.0,0.0,nan,0.0,0.0,0.0
2025-92,DUOL,SELL,2025-06-09 16:00,81.0,499.14,40430.34,History,Imported Sell,-422.01000000000295,0.0,nan,0.0,0.0,0.0
2025-93,NBIS,BUY,2025-06-05 09:30,466.0,48.15,22437.9,History,Imported Buy,0.0,0.0,nan,0.0,0.0,0.0
2025-93,NBIS,SELL,2025-06-20 16:00,466.0,48.09,22409.94,History,Imported Sell,-27.95999999999775,0.0,nan,0.0,0.0,0.0
2025-94,ETOR,BUY,2025-06-05 09:30,348.0,69.5,24186.0,History,Imported Buy,0.0,0.0,nan,0.0,0.0,0.0
2025-94,ETOR,SELL,2025-06-05 16:00,348.0,63.38,22056.24,History,Imported Sell,-2129.7599999999993,0.0,nan,0.0,0.0,0.0
2025-95,VIK,BUY,2025-06-06 09:30,452.0,48.59,21962.68,History,Imported Buy,0.0,0.0,nan,0.0,0.0,0.0
2025-95,VIK,SELL,2025-06-09 16:00,452.0,48.54,21940.08,History,Imported Sell,-22.600000000001927,0.0,nan,0.0,0.0,0.0
2025-96,ETOR,BUY,2025-06-09 09:30,126.0,69.33,8735.58,History,Imported Buy,0.0,0.0,nan,0.0,0.0,0.0
2025-96,ETOR,SELL,2025-06-11 16:00,126.0,65.0,8190.0,History,Imported Sell,-545.5799999999998,0.0,nan,0.0,0.0,0.0
2025-97,OKLO,BUY,2025-06-09 09:30,585.0,57.75,33783.75,History,Imported Buy,0.0,0.0,nan,0.0,0.0,0.0
2025-97,OKLO,SELL,2025-06-20 16:00,585.0,57.87,33853.95,History,Imported Sell,70.19999999999851,0.0,nan,0.0,0.0,0.0
2025-98,AMZN,BUY,2025-06-09 09:30,160.0,216.48,34636.799999999996,History,Imported Buy,0.0,0.0,nan,0.0,0.0,0.0
2025-98,AMZN,SELL,2025-06-11 16:00,160.0,214.59,34334.4,History,Imported Sell,-302.3999999999978,0.0,nan,0.0,0.0,0.0
2025-99,NRG,BUY,2025-06-11 09:30,159.0,151.1,24024.9,History,Imported Buy,0.0,0.0,nan,0.0,0.0,0.0
2025-99,NRG,SELL,2025-06-17 16:00,159.0,151.91,24153.69,History,Imported Sell,128.79000000000036,0.0,nan,0.0,0.0,0.0
2025-100,SHOP,BUY,2025-06-11 09:30,215.0,112.69,24228.35,History,Imported Buy,0.0,0.0,nan,0.0,0.0,0.0
2025-100,SHOP,SELL,2025-06-12 16:00,215.0,109.77,23600.55,History,Imported Sell,-627.8000000000004,0.0,nan,0.0,0.0,0.0
2025-101,BROS,BUY,2025-06-23 09:30,675.0,68.8,46440.0,History,Imported Buy,0.0,0.0,nan,0.0,0.0,0.0
2025-101,BROS,SELL,2025-06-26 16:00,675.0,66.48,44874.0,History,Imported Sell,-1565.9999999999957,0.0,nan,0.0,0.0,0.0
2025-102,RBRK,BUY,2025-06-23 09:30,390.0,89.29,34823.100000000006,History,Imported Buy,0.0,0.0,nan,0.0,0.0,0.0
2025-102,RBRK,SELL,2025-06-24 16:00,390.0,89.16,34772.4,History,Imported Sell,-50.70000000000377,0.0,nan,0.0,0.0,0.0
2025-103,NET,BUY,2025-06-23 09:30,235.0,183.88,43211.8,History,Imported Buy,0.0,0.0,nan,0.0,0.0,0.0
2025-103,NET,SELL,2025-07-10 16:00,235.0,184.45,43345.75,History,Imported Sell,133.9499999999984,0.0,nan,0.0,0.0,0.0
2025-104,CRCL,BUY,2025-06-26 09:30,90.0,209.33,18839.7,History,Imported Buy,0.0,0.0,nan,0.0,0.0,0.0
2025-104,CRCL,SELL,2025-06-27 16:00,90.0,202.81,18252.9,History,Imported Sell,-586.8000000000009,0.0,nan,0.0,0.0,0.0
2025-105,CHYM,BUY,2025-06-30 09:30,420.0,33.34,14002.8,History,Imported Buy,0.0,0.0,nan,0.0,0.0,0.0
2025-105,CHYM,SELL,2025-07-02 16:00,420.0,31.25,13125.0,History,Imported Sell,-877.8000000000014,0.0,nan,0.0,0.0,0.0
2025-106,AMD,BUY,2025-07-01 09:30,653.0,157.88,103095.64,History,Imported Buy,0.0,0.0,nan,0.0,0.0,0.0
2025-106,AMD,SELL,2025-08-20 16:00,653.0,168.64,110121.92,History,Imported Sell,7026.279999999994,0.0,nan,0.0,0.0,0.0
2025-107,CRDO,BUY,2025-07-03 09:30,542.0,93.06,50438.52,History,Imported Buy,0.0,0.0,nan,0.0,0.0,0.0
2025-107,CRDO,SELL,2025-07-18 16:00,542.0,91.2,49430.4,History,Imported Sell,-1008.1199999999995,0.0,nan,0.0,0.0,0.0
2025-108,SHOP,BUY,2025-07-03 09:30,246.0,117.01,28784.460000000003,History,Imported Buy,0.0,0.0,nan,0.0,0.0,0.0
2025-108,SHOP,SELL,2025-07-08 16:00,246.0,111.9,27527.4,History,Imported Sell,-1257.06,0.0,nan,0.0,0.0,0.0
2025-109,ARKK,BUY,2025-07-09 09:30,210.0,72.22,15166.2,History,Imported Buy,0.0,0.0,nan,0.0,0.0,0.0
2025-109,ARKK,SELL,2025-07-11 16:00,210.0,72.71,15269.1,History,Imported Sell,102.89999999999893,0.0,nan,0.0,0.0,0.0
2025-110,CRCL,BUY,2025-07-08 09:30,85.0,196.32,16687.2,History,Imported Buy,0.0,0.0,nan,0.0,0.0,0.0
2025-110,CRCL,SELL,2025-07-11 16:00,85.0,195.12,16585.2,History,Imported Sell,-101.99999999999903,0.0,nan,0.0,0.0,0.0
2025-111,FNGO,BUY,2025-07-14 09:30,425.0,108.74,46214.5,History,Imported Buy,0.0,0.0,nan,0.0,0.0,0.0
2025-111,FNGO,SELL,2025-07-16 16:00,425.0,108.23,45997.75,History,Imported Sell,-216.7499999999961,0.0,nan,0.0,0.0,0.0
2025-112,TQQQ,BUY,2025-07-16 09:30,563.0,85.65,48220.95,History,Imported Buy,0.0,0.0,nan,0.0,0.0,0.0
2025-112,TQQQ,SELL,2025-07-22 16:00,563.0,86.53,48716.39,History,Imported Sell,495.43999999999744,0.0,nan,0.0,0.0,0.0
2025-113,ETHU,BUY,2025-07-17 09:30,134.0,112.42,15064.28,History,Imported Buy,0.0,0.0,nan,0.0,0.0,0.0
2025-113,ETHU,SELL,2025-08-04 16:00,134.0,112.65,15095.1,History,Imported Sell,30.820000000000533,0.0,nan,0.0,0.0,0.0
2025-114,IREN,BUY,2025-07-18 09:30,1000.0,18.68,18680.0,History,Imported Buy,0.0,0.0,nan,0.0,0.0,0.0
2025-114,IREN,SELL,2025-07-31 16:00,1000.0,17.85,17850.0,History,Imported Sell,-829.9999999999983,0.0,nan,0.0,0.0,0.0
2025-115,CRDO,BUY,2025-07-18 09:30,542.0,92.26,50004.920000000006,History,Imported Buy,0.0,0.0,nan,0.0,0.0,0.0
2025-115,CRDO,SELL,2025-07-21 16:00,542.0,90.55,49078.1,History,Imported Sell,-926.8200000000044,0.0,nan,0.0,0.0,0.0
2025-116,SNOW,BUY,2025-07-18 09:30,231.0,216.32,49969.92,History,Imported Buy,0.0,0.0,nan,0.0,0.0,0.0
2025-116,SNOW,SELL,2025-07-22 16:00,231.0,214.75,49607.25,History,Imported Sell,-362.6699999999984,0.0,nan,0.0,0.0,0.0
2025-117,TSLA,BUY,2025-07-18 09:30,100.0,329.08,32908.0,History,Imported Buy,0.0,0.0,nan,0.0,0.0,0.0
2025-117,TSLA,SELL,2025-07-21 16:00,100.0,328.42,32842.0,History,Imported Sell,-65.99999999999682,0.0,nan,0.0,0.0,0.0
2025-118,COIN,BUY,2025-07-21 09:30,45.0,404.03,18181.35,History,Imported Buy,0.0,0.0,nan,0.0,0.0,0.0
2025-118,COIN,SELL,2025-07-29 16:00,45.0,371.41,16713.45,History,Imported Sell,-1467.8999999999976,0.0,nan,0.0,0.0,0.0
2025-119,NFLX,BUY,2025-07-21 09:30,13.0,1234.42,16047.46,History,Imported Buy,0.0,0.0,nan,0.0,0.0,0.0
2025-119,NFLX,SELL,2025-07-22 16:00,13.0,1193.51,15515.63,History,Imported Sell,-531.8300000000011,0.0,nan,0.0,0.0,0.0
2025-120,CRDO,BUY,2025-07-23 09:30,443.0,99.74,44184.82,History,Imported Buy,0.0,0.0,nan,0.0,0.0,0.0
2025-120,CRDO,SELL,2025-08-13 16:00,443.0,118.31,52411.33,History,Imported Sell,8226.510000000004,0.0,nan,0.0,0.0,0.0
2025-121,TSLA,BUY,2025-07-21 09:30,4.0,1406.68,5626.72,History,Imported Buy,0.0,0.0,nan,0.0,0.0,0.0
2025-121,TSLA,SELL,2025-07-30 16:00,4.0,1316.75,5267.0,History,Imported Sell,-359.72000000000025,0.0,nan,0.0,0.0,0.0
2025-122,GOOGL,BUY,2025-07-10 09:30,180.0,189.02,34023.6,History,Imported Buy,0.0,0.0,nan,0.0,0.0,0.0
2025-122,GOOGL,SELL,2025-08-11 16:00,180.0,200.65,36117.0,History,Imported Sell,2093.399999999999,0.0,nan,0.0,0.0,0.0
2025-123,AMZN,BUY,2025-07-10 09:30,100.0,20.76,2076.0,History,Imported Buy,0.0,0.0,nan,0.0,0.0,0.0
2025-123,AMZN,SELL,2025-07-30 16:00,100.0,24.73,2473.0,History,Imported Sell,396.9999999999999,0.0,nan,0.0,0.0,0.0
2025-124,CRWV,BUY,2025-07-29 09:30,304.0,111.17,33795.68,History,Imported Buy,0.0,0.0,nan,0.0,0.0,0.0
2025-124,CRWV,SELL,2025-07-29 16:00,304.0,109.05,33151.2,History,Imported Sell,-644.4800000000014,0.0,nan,0.0,0.0,0.0
2025-125,CRWV,BUY,2025-07-31 09:30,147.0,113.97,16753.59,History,Imported Buy,0.0,0.0,nan,0.0,0.0,0.0
2025-125,CRWV,SELL,2025-08-01 16:00,147.0,103.73,15248.31,History,Imported Sell,-1505.2799999999993,0.0,nan,0.0,0.0,0.0
2025-126,COIN,BUY,2025-07-31 09:30,50.0,377.97,18898.5,History,Imported Buy,0.0,0.0,nan,0.0,0.0,0.0
2025-126,COIN,SELL,2025-08-01 16:00,50.0,322.11,16105.5,History,Imported Sell,-2793.000000000001,0.0,nan,0.0,0.0,0.0
2025-127,TQQQ,BUY,2025-07-31 09:30,181.0,86.53,15661.93,History,Imported Buy,0.0,0.0,nan,0.0,0.0,0.0
2025-127,TQQQ,SELL,2025-08-11 16:00,181.0,92.23,16693.63,History,Imported Sell,1031.7000000000005,0.0,nan,0.0,0.0,0.0
2025-128,ARKK,BUY,2025-08-01 09:30,425.0,71.41,30349.25,History,Imported Buy,0.0,0.0,nan,0.0,0.0,0.0
2025-128,ARKK,SELL,2025-08-11 16:00,425.0,74.5,31662.5,History,Imported Sell,1313.2500000000014,0.0,nan,0.0,0.0,0.0
2025-129,META,BUY,2025-08-01 09:30,47.0,761.91,35809.77,History,Imported Buy,0.0,0.0,nan,0.0,0.0,0.0
2025-129,META,SELL,2025-08-11 16:00,47.0,768.19,36104.93,History,Imported Sell,295.16000000000406,0.0,nan,0.0,0.0,0.0
2025-130,NET,BUY,2025-08-04 09:30,154.0,206.93,31867.22,History,Imported Buy,0.0,0.0,nan,0.0,0.0,0.0
2025-130,NET,SELL,2025-08-08 16:00,154.0,205.67,31673.179999999997,History,Imported Sell,-194.04000000000295,0.0,nan,0.0,0.0,0.0
2025-131,ZETA,BUY,2025-08-07 09:30,750.0,20.58,15434.999999999998,History,Imported Buy,0.0,0.0,nan,0.0,0.0,0.0
2025-131,ZETA,SELL,2025-08-07 16:00,750.0,20.09,15067.5,History,Imported Sell,-367.4999999999988,0.0,nan,0.0,0.0,0.0
2025-132,CRWV,BUY,2025-08-07 09:30,382.0,127.31,48632.42,History,Imported Buy,0.0,0.0,nan,0.0,0.0,0.0
2025-132,CRWV,SELL,2025-08-13 16:00,382.0,124.33,47494.06,History,Imported Sell,-1138.3600000000015,0.0,nan,0.0,0.0,0.0
2025-133,RKLB,BUY,2025-08-08 09:30,476.0,46.54,22153.04,History,Imported Buy,0.0,0.0,nan,0.0,0.0,0.0
2025-133,RKLB,SELL,2025-08-08 16:00,476.0,45.23,21529.48,History,Imported Sell,-623.5600000000011,0.0,nan,0.0,0.0,0.0
2025-134,SHOP,BUY,2025-08-13 09:30,381.0,150.34,57279.54,History,Imported Buy,0.0,0.0,nan,0.0,0.0,0.0
2025-134,SHOP,SELL,2025-08-15 16:00,381.0,142.19,54174.39,History,Imported Sell,-3105.1500000000024,0.0,nan,0.0,0.0,0.0
2025-135,APP,BUY,2025-08-14 09:30,128.0,435.57,55752.96,History,Imported Buy,0.0,0.0,nan,0.0,0.0,0.0
2025-135,APP,SELL,2025-08-20 16:00,128.0,407.02,52098.56,History,Imported Sell,-3654.4000000000015,0.0,nan,0.0,0.0,0.0
2025-136,NFLX,BUY,2025-08-14 09:30,45.0,1239.35,55770.74999999999,History,Imported Buy,0.0,0.0,nan,0.0,0.0,0.0
2025-136,NFLX,SELL,2025-08-20 16:00,45.0,1209.75,54438.75,History,Imported Sell,-1331.999999999996,0.0,nan,0.0,0.0,0.0
2025-137,RBLX,BUY,2025-08-14 09:30,526.0,124.25,65355.5,History,Imported Buy,0.0,0.0,nan,0.0,0.0,0.0
2025-137,RBLX,SELL,2025-08-20 16:00,526.0,115.52,60763.52,History,Imported Sell,-4591.980000000002,0.0,nan,0.0,0.0,0.0
2025-138,CRWV,BUY,2025-08-15 09:30,341.0,101.43,34587.630000000005,History,Imported Buy,0.0,0.0,nan,0.0,0.0,0.0
2025-138,CRWV,SELL,2025-08-28 16:00,341.0,98.21,33489.61,History,Imported Sell,-1098.0200000000043,0.0,nan,0.0,0.0,0.0
2025-139,TQQQ,BUY,2025-08-20 09:30,400.0,86.44,34576.0,History,Imported Buy,0.0,0.0,nan,0.0,0.0,0.0
2025-139,TQQQ,SELL,2025-08-20 16:00,400.0,85.1,34040.0,History,Imported Sell,-536.0000000000014,0.0,nan,0.0,0.0,0.0
2025-140,ALAB,BUY,2025-08-20 09:30,242.0,173.73,42042.66,History,Imported Buy,0.0,0.0,nan,0.0,0.0,0.0
2025-140,ALAB,SELL,2025-09-02 16:00,242.0,169.93,41123.060000000005,History,Imported Sell,-919.5999999999958,0.0,nan,0.0,0.0,0.0
2025-141,RBLX,BUY,2025-08-20 09:30,422.0,121.46,51256.119999999995,History,Imported Buy,0.0,0.0,nan,0.0,0.0,0.0
2025-141,RBLX,SELL,2025-09-04 16:00,422.0,129.08,54471.76,History,Imported Sell,3215.640000000008,0.0,nan,0.0,0.0,0.0
2025-142,GEV,BUY,2025-08-21 09:30,75.0,614.34,46075.5,History,Imported Buy,0.0,0.0,nan,0.0,0.0,0.0
2025-142,GEV,SELL,2025-09-02 16:00,75.0,580.65,43548.75,History,Imported Sell,-2526.750000000004,0.0,nan,0.0,0.0,0.0
2025-143,APP,BUY,2025-08-21 09:30,158.0,498.07,78695.06,History,Imported Buy,0.0,0.0,nan,0.0,0.0,0.0
2025-143,APP,SELL,2025-10-06 16:00,158.0,597.02,94329.16,History,Imported Sell,15634.1,0.0,nan,0.0,0.0,0.0
2025-144,TQQQ,BUY,2025-08-22 09:30,510.0,90.71,46262.1,History,Imported Buy,0.0,0.0,nan,0.0,0.0,0.0
2025-144,TQQQ,SELL,2025-09-02 16:00,510.0,84.6,43146.0,History,Imported Sell,-3116.1,0.0,nan,0.0,0.0,0.0
2025-145,NVDA,BUY,2025-08-25 09:30,252.0,181.78,45808.56,History,Imported Buy,0.0,0.0,nan,0.0,0.0,0.0
2025-145,NVDA,SELL,2025-09-02 16:00,252.0,170.39,42938.28,History,Imported Sell,-2870.280000000004,0.0,nan,0.0,0.0,0.0
2025-146,MGNI,BUY,2025-08-25 09:30,1817.0,25.53,46388.01,History,Imported Buy,0.0,0.0,nan,0.0,0.0,0.0
2025-146,MGNI,SELL,2025-09-02 16:00,1817.0,24.41,44352.97,History,Imported Sell,-2035.0400000000016,0.0,nan,0.0,0.0,0.0
2025-147,NBIS,BUY,2025-08-25 09:30,450.0,69.56,31302.0,History,Imported Buy,0.0,0.0,nan,0.0,0.0,0.0
2025-147,NBIS,SELL,2025-09-02 16:00,450.0,65.79,29605.500000000004,History,Imported Sell,-1696.4999999999982,0.0,nan,0.0,0.0,0.0
2025-148,UBER,BUY,2025-08-25 09:30,320.0,97.17,31094.4,History,Imported Buy,0.0,0.0,nan,0.0,0.0,0.0
2025-148,UBER,SELL,2025-08-28 16:00,320.0,94.13,30121.6,History,Imported Sell,-972.800000000002,0.0,nan,0.0,0.0,0.0
2025-149,CCL,BUY,2025-08-26 09:30,990.0,31.27,30957.3,History,Imported Buy,0.0,0.0,nan,0.0,0.0,0.0
2025-149,CCL,SELL,2025-09-02 16:00,990.0,30.6,30294.0,History,Imported Sell,-663.2999999999981,0.0,nan,0.0,0.0,0.0
2025-150,TSLA,BUY,2025-08-26 09:30,89.0,348.32,31000.48,History,Imported Buy,0.0,0.0,nan,0.0,0.0,0.0
2025-150,TSLA,SELL,2025-08-29 16:00,89.0,341.15,30362.35,History,Imported Sell,-638.1300000000015,0.0,nan,0.0,0.0,0.0
2025-151,SHOP,BUY,2025-08-27 09:30,223.0,139.03,31003.69,History,Imported Buy,0.0,0.0,nan,0.0,0.0,0.0
2025-151,SHOP,SELL,2025-09-02 16:00,223.0,136.81,30508.63,History,Imported Sell,-495.0599999999997,0.0,nan,0.0,0.0,0.0
2025-152,AMD,BUY,2025-08-27 09:30,280.0,169.1,47348.0,History,Imported Buy,0.0,0.0,nan,0.0,0.0,0.0
2025-152,AMD,SELL,2025-09-02 16:00,280.0,160.65,44982.0,History,Imported Sell,-2365.999999999997,0.0,nan,0.0,0.0,0.0
2025-153,FIX,BUY,2025-08-29 09:30,44.0,727.16,31995.039999999997,History,Imported Buy,0.0,0.0,nan,0.0,0.0,0.0
2025-153,FIX,SELL,2025-08-29 16:00,44.0,707.83,31144.52,History,Imported Sell,-850.5199999999968,0.0,nan,0.0,0.0,0.0
2025-154,NVDA,BUY,2025-09-02 09:30,88.0,171.52,15093.76,History,Imported Buy,0.0,0.0,nan,0.0,0.0,0.0
2025-154,NVDA,SELL,2025-09-02 16:00,88.0,169.14,14884.32,History,Imported Sell,-209.4400000000021,0.0,nan,0.0,0.0,0.0
2025-155,MGNI,BUY,2025-09-02 09:30,1670.0,25.5,42585.0,History,Imported Buy,0.0,0.0,nan,0.0,0.0,0.0
2025-155,MGNI,SELL,2025-09-09 16:00,1670.0,24.64,41148.8,History,Imported Sell,-1436.1999999999991,0.0,nan,0.0,0.0,0.0
2025-156,RKLB,BUY,2025-09-02 09:30,650.0,49.51,32181.5,History,Imported Buy,0.0,0.0,nan,0.0,0.0,0.0
2025-156,RKLB,SELL,2025-09-04 16:00,650.0,43.46,28249.0,History,Imported Sell,-3932.499999999998,0.0,nan,0.0,0.0,0.0
2025-157,DHI,BUY,2025-09-02 09:30,176.0,170.71,30044.960000000003,History,Imported Buy,0.0,0.0,nan,0.0,0.0,0.0
2025-157,DHI,SELL,2025-09-10 16:00,176.0,174.94,30789.44,History,Imported Sell,744.4799999999982,0.0,nan,0.0,0.0,0.0
2025-158,DASH,BUY,2025-09-03 09:30,120.0,251.36,30163.2,History,Imported Buy,0.0,0.0,nan,0.0,0.0,0.0
2025-158,DASH,SELL,2025-09-04 16:00,120.0,247.16,29659.2,History,Imported Sell,-504.0000000000021,0.0,nan,0.0,0.0,0.0
2025-159,ALAB,BUY,2025-09-03 09:30,453.0,200.13,90658.89,History,Imported Buy,0.0,0.0,nan,0.0,0.0,0.0
2025-159,ALAB,SELL,2025-10-13 16:00,453.0,203.74,92294.22,History,Imported Sell,1635.3300000000063,0.0,nan,0.0,0.0,0.0
2025-160,ANET,BUY,2025-09-03 09:30,220.0,137.89,30335.799999999996,History,Imported Buy,0.0,0.0,nan,0.0,0.0,0.0
2025-160,ANET,SELL,2025-09-08 16:00,220.0,140.12,30826.4,History,Imported Sell,490.600000000004,0.0,nan,0.0,0.0,0.0
2025-161,XHB,BUY,2025-09-04 09:30,122.0,115.02,14032.44,History,Imported Buy,0.0,0.0,nan,0.0,0.0,0.0
2025-161,XHB,SELL,2025-09-08 16:00,122.0,118.52,14459.44,History,Imported Sell,427.0,0.0,nan,0.0,0.0,0.0
2025-162,RBLX,BUY,2025-09-04 09:30,344.0,130.53,44902.32,History,Imported Buy,0.0,0.0,nan,0.0,0.0,0.0
2025-162,RBLX,SELL,2025-09-25 16:00,344.0,130.14,44768.16,History,Imported Sell,-134.16000000000508,0.0,nan,0.0,0.0,0.0
2025-163,HOOD,BUY,2025-09-04 09:30,198.0,145.99,28906.02,History,Imported Buy,0.0,0.0,nan,0.0,0.0,0.0
2025-163,HOOD,SELL,2025-09-09 16:00,198.0,144.19,28549.62,History,Imported Sell,-356.40000000000225,0.0,nan,0.0,0.0,0.0
2025-164,SHOP,BUY,2025-09-05 09:30,300.0,93.79,28137.000000000004,History,Imported Buy,0.0,0.0,nan,0.0,0.0,0.0
2025-164,SHOP,SELL,2025-09-09 16:00,300.0,93.67,28101.0,History,Imported Sell,-36.000000000001364,0.0,nan,0.0,0.0,0.0
2025-165,UPRO,BUY,2025-09-05 09:30,280.0,104.0,29120.0,History,Imported Buy,0.0,0.0,nan,0.0,0.0,0.0
2025-165,UPRO,SELL,2025-09-09 16:00,280.0,103.66,29024.8,History,Imported Sell,-95.20000000000095,0.0,nan,0.0,0.0,0.0
2025-166,TNA,BUY,2025-09-05 09:30,346.0,42.57,14729.22,History,Imported Buy,0.0,0.0,nan,0.0,0.0,0.0
2025-166,TNA,SELL,2025-09-09 16:00,346.0,42.53,14715.38,History,Imported Sell,-13.839999999999703,0.0,nan,0.0,0.0,0.0
2025-167,CDNS,BUY,2025-09-08 09:30,162.0,360.1,58336.2,History,Imported Buy,0.0,0.0,nan,0.0,0.0,0.0
2025-167,CDNS,SELL,2025-09-10 16:00,162.0,349.0,56538.0,History,Imported Sell,-1798.2000000000037,0.0,nan,0.0,0.0,0.0
2025-168,PLTR,BUY,2025-09-04 09:30,762.0,166.24,126674.88,History,Imported Buy,0.0,0.0,nan,0.0,0.0,0.0
2025-168,PLTR,SELL,2025-10-20 16:00,762.0,171.36,130576.32,History,Imported Sell,3901.4400000000032,0.0,nan,0.0,0.0,0.0
2025-169,DASH,BUY,2025-09-09 09:30,200.0,260.88,52176.0,History,Imported Buy,0.0,0.0,nan,0.0,0.0,0.0
2025-169,DASH,SELL,2025-10-16 16:00,200.0,265.48,53096.0,History,Imported Sell,920.0000000000044,0.0,nan,0.0,0.0,0.0
2025-170,RDDT,BUY,2025-09-10 09:30,186.0,258.09,48004.74,History,Imported Buy,0.0,0.0,nan,0.0,0.0,0.0
2025-170,RDDT,SELL,2025-09-19 16:00,186.0,259.7,48304.2,History,Imported Sell,299.46000000000254,0.0,nan,0.0,0.0,0.0
2025-171,TQQQ,BUY,2025-09-10 09:30,160.0,93.85,15016.0,History,Imported Buy,0.0,0.0,nan,0.0,0.0,0.0
2025-171,TQQQ,SELL,2025-09-24 16:00,160.0,100.72,16115.2,History,Imported Sell,1099.2000000000007,0.0,nan,0.0,0.0,0.0
2025-172,CRWV,BUY,2025-09-11 09:30,869.0,127.85,111101.65,History,Imported Buy,0.0,0.0,nan,0.0,0.0,0.0
2025-172,CRWV,SELL,2025-10-21 16:00,869.0,126.8,110189.2,History,Imported Sell,-912.4499999999975,0.0,nan,0.0,0.0,0.0
2025-173,LEU,BUY,2025-09-11 09:30,158.0,247.62,39123.96,History,Imported Buy,0.0,0.0,nan,0.0,0.0,0.0
2025-173,LEU,SELL,2025-10-17 16:00,158.0,333.16,52639.280000000006,History,Imported Sell,13515.320000000003,0.0,nan,0.0,0.0,0.0
2025-174,TSLA,BUY,2025-09-12 09:30,160.0,402.56,64409.6,History,Imported Buy,0.0,0.0,nan,0.0,0.0,0.0
2025-174,TSLA,SELL,2025-10-22 16:00,160.0,431.95,69112.0,History,Imported Sell,4702.399999999998,0.0,nan,0.0,0.0,0.0
2025-175,MP,BUY,2025-09-12 09:30,476.0,63.19,30078.44,History,Imported Buy,0.0,0.0,nan,0.0,0.0,0.0
2025-175,MP,SELL,2025-09-29 16:00,476.0,66.81,31801.56,History,Imported Sell,1723.1200000000022,0.0,nan,0.0,0.0,0.0
2025-176,GEV,BUY,2025-09-12 09:30,47.0,637.22,29949.34,History,Imported Buy,0.0,0.0,nan,0.0,0.0,0.0
2025-176,GEV,SELL,2025-09-19 16:00,47.0,607.33,28544.51,History,Imported Sell,-1404.8299999999997,0.0,nan,0.0,0.0,0.0
2025-177,NAIL,BUY,2025-09-12 09:30,165.0,91.29,15062.85,History,Imported Buy,0.0,0.0,nan,0.0,0.0,0.0
2025-177,NAIL,SELL,2025-09-12 16:00,165.0,88.84,14658.6,History,Imported Sell,-404.25000000000045,0.0,nan,0.0,0.0,0.0
2025-178,NVDA,BUY,2025-09-12 09:30,169.0,177.8,30048.2,History,Imported Buy,0.0,0.0,nan,0.0,0.0,0.0
2025-178,NVDA,SELL,2025-09-17 16:00,169.0,171.15,28924.35,History,Imported Sell,-1123.850000000001,0.0,nan,0.0,0.0,0.0
2025-179,ETHA,BUY,2025-09-12 09:30,856.0,34.85,29831.6,History,Imported Buy,0.0,0.0,nan,0.0,0.0,0.0
2025-179,ETHA,SELL,2025-09-17 16:00,856.0,33.87,28992.72,History,Imported Sell,-838.8800000000034,0.0,nan,0.0,0.0,0.0
2025-180,ORCL,BUY,2025-09-15 09:30,153.0,308.16,47148.48,History,Imported Buy,0.0,0.0,nan,0.0,0.0,0.0
2025-180,ORCL,SELL,2025-09-18 16:00,153.0,295.39,45194.67,History,Imported Sell,-1953.810000000006,0.0,nan,0.0,0.0,0.0
2025-181,OKLO,BUY,2025-09-15 09:30,370.0,85.86,31768.2,History,Imported Buy,0.0,0.0,nan,0.0,0.0,0.0
2025-181,OKLO,SELL,2025-09-30 16:00,370.0,117.33,43412.1,History,Imported Sell,11643.9,0.0,nan,0.0,0.0,0.0
2025-182,DAVE,BUY,2025-09-15 09:30,135.0,230.0,31050.0,History,Imported Buy,0.0,0.0,nan,0.0,0.0,0.0
2025-182,DAVE,SELL,2025-09-25 16:00,135.0,220.0,29700.0,History,Imported Sell,-1350.0,0.0,nan,0.0,0.0,0.0
2025-183,VST,BUY,2025-09-15 09:30,150.0,209.7,31455.0,History,Imported Buy,0.0,0.0,nan,0.0,0.0,0.0
2025-183,VST,SELL,2025-09-19 16:00,150.0,210.68,31602.0,History,Imported Sell,147.00000000000273,0.0,nan,0.0,0.0,0.0
2025-184,NBIS,BUY,2025-09-18 09:30,514.0,95.1,48881.399999999994,History,Imported Buy,0.0,0.0,nan,0.0,0.0,0.0
2025-184,NBIS,SELL,2025-09-19 16:00,514.0,94.26,48449.64,History,Imported Sell,-431.7599999999944,0.0,nan,0.0,0.0,0.0
2025-185,SOFI,BUY,2025-07-22 09:30,2382.0,24.81,59097.42,History,Imported Buy,0.0,0.0,nan,0.0,0.0,0.0
2025-185,SOFI,SELL,2025-10-03 16:00,2382.0,25.33,60336.06,History,Imported Sell,1238.639999999999,0.0,nan,0.0,0.0,0.0
2025-186,NBIS,BUY,2025-08-01 09:30,430.0,100.77,43331.1,History,Imported Buy,0.0,0.0,nan,0.0,0.0,0.0
2025-186,NBIS,SELL,2025-10-16 16:00,430.0,125.9,54137.0,History,Imported Sell,10805.900000000003,0.0,nan,0.0,0.0,0.0
2025-187,BMNR,BUY,2025-09-22 09:30,908.0,55.97,50820.76,History,Imported Buy,0.0,0.0,nan,0.0,0.0,0.0
2025-187,BMNR,SELL,2025-10-16 16:00,908.0,52.61,47769.88,History,Imported Sell,-3050.8799999999997,0.0,nan,0.0,0.0,0.0
2025-188,AVGO,BUY,2025-09-22 09:30,100.0,37.45,3745.000000000001,History,Imported Buy,0.0,0.0,nan,0.0,0.0,0.0
2025-188,AVGO,SELL,2025-09-29 16:00,100.0,28.65,2865.0,History,Imported Sell,-880.0000000000005,0.0,nan,0.0,0.0,0.0
2025-189,FIG,BUY,2025-09-22 09:30,606.0,59.03,35772.18,History,Imported Buy,0.0,0.0,nan,0.0,0.0,0.0
2025-189,FIG,SELL,2025-09-23 16:00,606.0,56.45,34208.700000000004,History,Imported Sell,-1563.4799999999989,0.0,nan,0.0,0.0,0.0
2025-190,ORCL,BUY,2025-09-22 09:30,57.0,318.5,18154.5,History,Imported Buy,0.0,0.0,nan,0.0,0.0,0.0
2025-190,ORCL,SELL,2025-09-25 16:00,57.0,291.17,16596.690000000002,History,Imported Sell,-1557.809999999999,0.0,nan,0.0,0.0,0.0
2025-191,CRDO,BUY,2025-09-24 09:30,160.0,151.97,24315.2,History,Imported Buy,0.0,0.0,nan,0.0,0.0,0.0
2025-191,CRDO,SELL,2025-09-24 16:00,160.0,147.6,23616.0,History,Imported Sell,-699.2000000000007,0.0,nan,0.0,0.0,0.0
2025-192,CRDO,BUY,2025-09-24 09:30,250.0,149.9,37475.0,History,Imported Buy,0.0,0.0,nan,0.0,0.0,0.0
2025-192,CRDO,SELL,2025-09-25 16:00,250.0,142.24,35560.0,History,Imported Sell,-1914.999999999999,0.0,nan,0.0,0.0,0.0
2025-193,GRAB,BUY,2025-09-25 09:30,2250.0,6.22,13995.0,History,Imported Buy,0.0,0.0,nan,0.0,0.0,0.0
2025-193,GRAB,SELL,2025-09-29 16:00,2250.0,6.06,13635.0,History,Imported Sell,-360.00000000000034,0.0,nan,0.0,0.0,0.0
2025-194,TQQQ,BUY,2025-09-26 09:30,360.0,100.61,36219.6,History,Imported Buy,0.0,0.0,nan,0.0,0.0,0.0
2025-194,TQQQ,SELL,2025-09-30 16:00,360.0,102.47,36889.2,History,Imported Sell,669.5999999999998,0.0,nan,0.0,0.0,0.0
2025-195,UPRO,BUY,2025-09-26 09:30,165.0,109.13,18006.45,History,Imported Buy,0.0,0.0,nan,0.0,0.0,0.0
2025-195,UPRO,SELL,2025-09-29 16:00,165.0,110.4,18216.0,History,Imported Sell,209.5500000000017,0.0,nan,0.0,0.0,0.0
2025-196,CRCL,BUY,2025-09-22 09:30,433.0,138.04,59771.32,History,Imported Buy,0.0,0.0,nan,0.0,0.0,0.0
2025-196,CRCL,SELL,2025-09-30 16:00,433.0,135.61,58719.130000000005,History,Imported Sell,-1052.1899999999907,0.0,nan,0.0,0.0,0.0
2025-197,BWXT,BUY,2025-09-26 09:30,190.0,180.01,34201.9,History,Imported Buy,0.0,0.0,nan,0.0,0.0,0.0
2025-197,BWXT,SELL,2025-09-29 16:00,190.0,182.7,34713.0,History,Imported Sell,511.0999999999996,0.0,nan,0.0,0.0,0.0
2025-198,RBLX,BUY,2025-09-30 09:30,180.0,139.2,25055.999999999996,History,Imported Buy,0.0,0.0,nan,0.0,0.0,0.0
2025-198,RBLX,SELL,2025-09-30 16:00,180.0,135.68,24422.4,History,Imported Sell,-633.5999999999967,0.0,nan,0.0,0.0,0.0
2025-199,NVDA,BUY,2025-09-30 09:30,302.0,186.03,56181.06,History,Imported Buy,0.0,0.0,nan,0.0,0.0,0.0
2025-199,NVDA,SELL,2025-10-14 16:00,302.0,182.02,54970.04,History,Imported Sell,-1211.0199999999973,0.0,nan,0.0,0.0,0.0
2025-200,RBLX,BUY,2025-09-30 09:30,402.0,136.8,54993.600000000006,History,Imported Buy,0.0,0.0,nan,0.0,0.0,0.0
2025-200,RBLX,SELL,2025-10-03 16:00,402.0,125.7,50531.4,History,Imported Sell,-4462.2000000000035,0.0,nan,0.0,0.0,0.0
2025-201,APP,BUY,2025-10-06 09:30,87.0,611.95,53239.65,History,Imported Buy,0.0,0.0,nan,0.0,0.0,0.0
2025-201,APP,SELL,2025-10-10 16:00,87.0,590.86,51404.82,History,Imported Sell,-1834.8300000000029,0.0,nan,0.0,0.0,0.0
2025-202,FIG,BUY,2025-10-07 09:30,311.0,60.99,18967.89,History,Imported Buy,0.0,0.0,nan,0.0,0.0,0.0
2025-202,FIG,SELL,2025-10-17 16:00,311.0,59.55,18520.05,History,Imported Sell,-447.8400000000015,0.0,nan,0.0,0.0,0.0
2025-203,FIG,BUY,2025-10-07 09:30,873.0,62.85,54868.05,History,Imported Buy,0.0,0.0,nan,0.0,0.0,0.0
2025-203,FIG,SELL,2025-10-16 16:00,873.0,58.89,51410.97,History,Imported Sell,-3457.080000000001,0.0,nan,0.0,0.0,0.0
2025-204,CRCL,BUY,2025-10-08 09:30,180.0,151.51,27271.8,History,Imported Buy,0.0,0.0,nan,0.0,0.0,0.0
2025-204,CRCL,SELL,2025-10-10 16:00,180.0,142.4,25632.0,History,Imported Sell,-1639.7999999999977,0.0,nan,0.0,0.0,0.0
2025-205,FIGR,BUY,2025-10-08 09:30,605.0,46.43,28090.15,History,Imported Buy,0.0,0.0,nan,0.0,0.0,0.0
2025-205,FIGR,SELL,2025-10-10 16:00,605.0,43.91,26565.55,History,Imported Sell,-1524.600000000002,0.0,nan,0.0,0.0,0.0
2025-206,KLAR,BUY,2025-10-09 09:30,440.0,44.22,19456.8,History,Imported Buy,0.0,0.0,nan,0.0,0.0,0.0
2025-206,KLAR,SELL,2025-10-09 16:00,440.0,42.53,18713.2,History,Imported Sell,-743.599999999999,0.0,nan,0.0,0.0,0.0
2025-207,GEV,BUY,2025-10-13 09:30,84.0,643.41,54046.439999999995,History,Imported Buy,0.0,0.0,nan,0.0,0.0,0.0
2025-207,GEV,SELL,2025-10-16 16:00,84.0,612.3,51433.2,History,Imported Sell,-2613.240000000001,0.0,nan,0.0,0.0,0.0
2025-208,CRDO,BUY,2025-10-13 09:30,237.0,149.38,35403.06,History,Imported Buy,0.0,0.0,nan,0.0,0.0,0.0
2025-208,CRDO,SELL,2025-10-14 16:00,237.0,139.83,33139.71000000001,History,Imported Sell,-2263.349999999996,0.0,nan,0.0,0.0,0.0
2025-209,TQQQ,BUY,2025-10-13 09:30,550.0,103.29,56809.5,History,Imported Buy,0.0,0.0,nan,0.0,0.0,0.0
2025-209,TQQQ,SELL,2025-11-07 16:00,550.0,104.46,57453.0,History,Imported Sell,643.4999999999932,0.0,nan,0.0,0.0,0.0
2025-210,RBLX,BUY,2025-10-14 09:30,367.0,133.65,49049.55,History,Imported Buy,0.0,0.0,nan,0.0,0.0,0.0
2025-210,RBLX,SELL,2025-10-17 16:00,367.0,134.21,49255.07,History,Imported Sell,205.52000000000083,0.0,nan,0.0,0.0,0.0
2025-211,APP,BUY,2025-10-14 09:30,60.0,591.76,35505.6,History,Imported Buy,0.0,0.0,nan,0.0,0.0,0.0
2025-211,APP,SELL,2025-10-20 16:00,60.0,559.3,33558.0,History,Imported Sell,-1947.6000000000024,0.0,nan,0.0,0.0,0.0
2025-212,RKLB,BUY,2025-10-14 09:30,260.0,65.72,17087.2,History,Imported Buy,0.0,0.0,nan,0.0,0.0,0.0
2025-212,RKLB,SELL,2025-10-16 16:00,260.0,67.47,17542.2,History,Imported Sell,455.0,0.0,nan,0.0,0.0,0.0
2025-213,GRAB,BUY,2025-10-14 09:30,6000.0,6.01,36060.0,History,Imported Buy,0.0,0.0,nan,0.0,0.0,0.0
2025-213,GRAB,SELL,2025-10-15 16:00,6000.0,5.91,35460.0,History,Imported Sell,-599.9999999999978,0.0,nan,0.0,0.0,0.0
2025-214,CRCL,BUY,2025-10-13 09:30,250.0,140.04,35010.0,History,Imported Buy,0.0,0.0,nan,0.0,0.0,0.0
2025-214,CRCL,SELL,2025-10-14 16:00,250.0,132.21,33052.5,History,Imported Sell,-1957.499999999996,0.0,nan,0.0,0.0,0.0
2025-215,PLTR,BUY,2025-10-20 09:30,275.0,173.89,47819.74999999999,History,Imported Buy,0.0,0.0,nan,0.0,0.0,0.0
2025-215,PLTR,SELL,2025-10-22 16:00,275.0,176.56,48554.0,History,Imported Sell,734.2500000000043,0.0,nan,0.0,0.0,0.0
2025-216,CRDO,BUY,2025-10-20 09:30,219.0,150.68,32998.92,History,Imported Buy,0.0,0.0,nan,0.0,0.0,0.0
2025-216,CRDO,SELL,2025-10-21 16:00,219.0,145.06,31768.14,History,Imported Sell,-1230.780000000001,0.0,nan,0.0,0.0,0.0
2025-217,UPRO,BUY,2025-10-21 09:30,290.0,113.73,32981.700000000004,History,Imported Buy,0.0,0.0,nan,0.0,0.0,0.0
2025-217,UPRO,SELL,2025-10-22 16:00,290.0,111.86,32439.4,History,Imported Sell,-542.3000000000013,0.0,nan,0.0,0.0,0.0
2025-218,LEU,BUY,2025-10-24 09:30,45.0,364.33,16394.85,br4.1 PB 21e,Imported Buy,0.0,0.0,nan,0.0,0.0,0.0
2025-218,LEU,SELL,2025-10-27 16:00,45.0,351.0,15795.0,sr1.1 capital protection - hard stop,Imported Sell,-599.8499999999992,0.0,nan,0.0,0.0,0.0
2025-219,AMD,BUY,2025-10-24 09:30,192.0,251.33,48255.36,History,Imported Buy,0.0,0.0,nan,0.0,0.0,0.0
2025-219,AMD,SELL,2025-11-06 16:00,192.0,242.77,46611.84,History,Imported Sell,-1643.5200000000004,0.0,nan,0.0,0.0,0.0
2025-220,PLTR,BUY,2025-10-24 09:30,346.0,193.4,66916.40000000001,History,Imported Buy,0.0,0.0,nan,0.0,0.0,0.0
2025-220,PLTR,SELL,2025-11-05 16:00,346.0,195.05,67487.3,History,Imported Sell,570.9000000000019,0.0,nan,0.0,0.0,0.0
2025-221,APP,BUY,2025-10-24 09:30,52.0,627.05,32606.6,br4.3 PB 10w,Imported Buy,0.0,0.0,nan,0.0,0.0,0.0
2025-221,APP,SELL,2025-11-05 16:00,52.0,612.68,31859.359999999997,sr1.1 capital protection - hard stop,Imported Sell,-747.2400000000002,0.0,nan,0.0,0.0,0.0
2025-222,AVAV,BUY,2025-10-24 09:30,66.0,379.93,25075.38,br4.1 PB 21e,Imported Buy,0.0,0.0,nan,0.0,0.0,0.0
2025-222,AVAV,SELL,2025-11-03 16:00,66.0,367.14,24231.24,sr1.1 capital protection - hard stop,Imported Sell,-844.1400000000014,0.0,nan,0.0,0.0,0.0
2025-223,AVGO,BUY,2025-10-27 09:30,156.0,364.02,56787.119999999995,History,Imported Buy,0.0,0.0,nan,0.0,0.0,0.0
2025-223,AVGO,SELL,2025-11-06 16:00,156.0,361.03,56320.67999999999,History,Imported Sell,-466.4400000000014,0.0,nan,0.0,0.0,0.0
2025-224,LIF,BUY,2025-10-27 09:30,486.0,98.85,48041.1,History,Imported Buy,0.0,0.0,nan,0.0,0.0,0.0
2025-224,LIF,SELL,2025-10-30 16:00,486.0,96.99,47137.14,History,Imported Sell,-903.9599999999996,0.0,nan,0.0,0.0,0.0
2025-225,NVDA,BUY,2025-10-28 09:30,180.0,195.95,35271.0,History,Imported Buy,0.0,0.0,nan,0.0,0.0,0.0
2025-225,NVDA,SELL,2025-11-06 16:00,180.0,192.28,34610.4,History,Imported Sell,-660.5999999999977,0.0,nan,0.0,0.0,0.0
2025-226,SHOP,BUY,2025-10-28 09:30,276.0,178.2,49183.2,History,Imported Buy,0.0,0.0,nan,0.0,0.0,0.0
2025-226,SHOP,SELL,2025-11-04 16:00,276.0,173.71,47943.96,History,Imported Sell,-1239.2399999999948,0.0,nan,0.0,0.0,0.0
2025-227,MSFT,BUY,2025-10-28 09:30,35.0,549.5,19232.5,History,Imported Buy,0.0,0.0,nan,0.0,0.0,0.0
2025-227,MSFT,SELL,2025-10-31 16:00,35.0,518.77,18156.95,History,Imported Sell,-1075.5500000000006,0.0,nan,0.0,0.0,0.0
2025-228,NET,BUY,2025-10-31 09:30,211.0,240.31,50705.41,History,Imported Buy,0.0,0.0,nan,0.0,0.0,0.0
2025-228,NET,SELL,2025-11-06 16:00,211.0,231.5,48846.5,History,Imported Sell,-1858.9100000000003,0.0,nan,0.0,0.0,0.0
2025-229,BE,BUY,2025-10-31 09:30,169.0,132.81,22444.89,History,Imported Buy,0.0,0.0,nan,0.0,0.0,0.0
2025-229,BE,SELL,2025-11-07 16:00,169.0,129.79,21934.51,History,Imported Sell,-510.3800000000017,0.0,nan,0.0,0.0,0.0
2025-230,WDC,BUY,2025-10-31 09:30,110.0,150.01,16501.1,History,Imported Buy,0.0,0.0,nan,0.0,0.0,0.0
2025-230,WDC,SELL,2025-11-07 16:00,110.0,158.19,17400.9,History,Imported Sell,899.8000000000008,0.0,nan,0.0,0.0,0.0
2025-231,NBIS,BUY,2025-10-31 09:30,63.0,129.75,8174.25,History,Imported Buy,0.0,0.0,nan,0.0,0.0,0.0
2025-231,NBIS,SELL,2025-11-04 16:00,63.0,113.62,7158.06,History,Imported Sell,-1016.1899999999996,0.0,nan,0.0,0.0,0.0
2025-232,CRWV,BUY,2025-10-31 09:30,58.0,138.28,8020.24,History,Imported Buy,0.0,0.0,nan,0.0,0.0,0.0
2025-232,CRWV,SELL,2025-11-04 16:00,58.0,119.51,6931.58,History,Imported Sell,-1088.66,0.0,nan,0.0,0.0,0.0
2025-233,SOFI,BUY,2025-10-31 09:30,529.0,29.78,15753.62,History,Imported Buy,0.0,0.0,nan,0.0,0.0,0.0
2025-233,SOFI,SELL,2025-11-06 16:00,529.0,29.48,15594.92,History,Imported Sell,-158.7000000000004,0.0,nan,0.0,0.0,0.0
2025-234,TSLA,BUY,2025-11-03 09:30,67.0,467.25,31305.75,History,Imported Buy,0.0,0.0,nan,0.0,0.0,0.0
2025-234,TSLA,SELL,2025-11-06 16:00,67.0,451.75,30267.25,History,Imported Sell,-1038.5,0.0,nan,0.0,0.0,0.0
2025-235,SSO,BUY,2025-11-05 09:30,300.0,114.7,34410.0,History,Imported Buy,0.0,0.0,nan,0.0,0.0,0.0
2025-235,SSO,SELL,2025-11-07 16:00,300.0,111.51,33453.0,History,Imported Sell,-956.9999999999992,0.0,nan,0.0,0.0,0.0
2025-236,CRS,BUY,2025-11-05 09:30,51.0,316.54,16143.54,ns No Setup,Imported Buy,0.0,0.0,nan,0.0,0.0,0.0
2025-236,CRS,SELL,2025-11-06 16:00,51.0,315.96,16113.96,History,Imported Sell,-29.580000000002087,0.0,nan,0.0,0.0,0.0
2025-237,CRWD,BUY,2025-11-07 09:30,33.0,541.25,17861.25,br1.2 Cup w Handle,Imported Buy,0.0,0.0,nan,0.0,0.0,0.0
2025-237,CRWD,SELL,2025-11-12 16:00,33.0,548.72,18107.76,sr9 Breakout Failure,Imported Sell,246.5100000000009,0.0,nan,0.0,0.0,0.0
2025-238,UPRO,BUY,2025-11-07 09:30,395.0,114.9,45385.5,br4.2 PB 50s,SPY PB to 50 sma. ,0.0,0.0,nan,0.0,0.0,0.0
2025-238,UPRO,SELL,2025-11-14 16:00,395.0,109.75,43351.25,sr1.1 capital protection - hard stop,Imported Sell,-2034.2500000000025,0.0,nan,0.0,0.0,0.0
2025-239,AMKR,BUY,2025-11-07 09:30,848.0,35.13,29790.24,br1.1 Consolidation,Imported Buy,0.0,0.0,nan,0.0,0.0,0.0
2025-239,AMKR,SELL,2025-11-13 16:00,848.0,33.19,28145.12,sr1.1 capital protection - hard stop,Imported Sell,-1645.120000000004,0.0,nan,0.0,0.0,0.0
2025-240,HOOD,BUY,2025-11-07 09:30,230.0,134.68,30976.4,br3.2 Reclaim 50s,Imported Buy,0.0,0.0,nan,0.0,0.0,0.0
2025-240,HOOD,SELL,2025-11-13 16:00,230.0,127.73,29377.9,sr1.1 capital protection - hard stop,Imported Sell,-1598.500000000001,0.0,nan,0.0,0.0,0.0
2025-241,ITA,BUY,2025-11-07 09:30,72.0,209.4,15076.8,br4.2 PB 50s,Imported Buy,0.0,0.0,nan,0.0,0.0,0.0
2025-241,ITA,SELL,2025-11-10 16:00,72.0,211.11,15199.920000000002,sr1.1 capital protection - hard stop,Imported Sell,123.12000000000056,0.0,nan,0.0,0.0,0.0
2025-242,AMZN,BUY,2025-11-07 09:30,63.0,243.88,15364.44,br1.3 Cup w/o Handle,Imported Buy,0.0,0.0,nan,0.0,0.0,0.0
2025-242,AMZN,SELL,2025-11-12 16:00,63.0,248.62,15663.06,sr1.1 capital protection - hard stop,Imported Sell,298.6200000000006,0.0,nan,0.0,0.0,0.0
2025-243,NET,BUY,2025-11-07 09:30,130.0,233.32,30331.6,br1.6 Flat Base,Imported Buy,0.0,0.0,nan,0.0,0.0,0.0
2025-243,NET,SELL,2025-11-12 16:00,130.0,225.01,29251.3,sr1.1 capital protection - hard stop,Imported Sell,-1080.3000000000002,0.0,nan,0.0,0.0,0.0
2025-244,APP,BUY,2025-11-10 09:30,50.0,664.66,33233.0,br3.1 Reclaim 21e,Imported Buy,0.0,0.0,nan,0.0,0.0,0.0
2025-244,APP,SELL,2025-11-11 16:00,50.0,602.59,30129.5,sr1.1 capital protection - hard stop,Imported Sell,-3103.499999999997,0.0,nan,0.0,0.0,0.0
2025-245,TQQQ,BUY,2025-11-10 09:30,668.0,111.97,74795.96,br6.1 Gapper,Imported Buy,0.0,0.0,nan,0.0,0.0,0.0
2025-245,TQQQ,SELL,2025-11-13 16:00,668.0,104.91,70079.88,sr1.1 capital protection - hard stop,Imported Sell,-4716.080000000002,0.0,nan,0.0,0.0,0.0
2025-246,BE,BUY,2025-11-10 09:30,105.0,145.43,15270.15,br1.1 Consolidation,Imported Buy,0.0,0.0,nan,0.0,0.0,0.0
2025-246,BE,SELL,2025-11-10 16:00,105.0,141.97,14906.85,sr1.1 capital protection - hard stop,Imported Sell,-363.30000000000086,0.0,nan,0.0,0.0,0.0
2025-247,AMD,BUY,2025-11-10 09:30,127.0,250.2,31775.4,br4.1 PB 21e,Imported Buy,0.0,0.0,nan,0.0,0.0,0.0
2025-247,AMD,SELL,2025-11-14 16:00,127.0,236.1,29984.7,sr1.1 capital protection - hard stop,Imported Sell,-1790.6999999999994,0.0,nan,0.0,0.0,0.0
2025-248,PLTR,BUY,2025-11-10 09:30,160.0,192.3,30768.0,br1.2 Cup w Handle,Imported Buy,0.0,0.0,nan,0.0,0.0,0.0
2025-248,PLTR,SELL,2025-11-12 16:00,160.0,182.87,29259.2,sr9 Breakout Failure,Imported Sell,-1508.800000000001,0.0,nan,0.0,0.0,0.0
2025-249,TSLA,BUY,2025-11-10 09:30,70.0,447.99,31359.3,br3.1 Reclaim 21e,Imported Buy,0.0,0.0,nan,0.0,0.0,0.0
2025-249,TSLA,SELL,2025-11-12 16:00,70.0,431.62,30213.4,sr1.1 capital protection - hard stop,Imported Sell,-1145.9000000000003,0.0,nan,0.0,0.0,0.0
2025-250,UGL,BUY,2025-11-10 09:30,300.0,51.26,15378.0,br3.1 Reclaim 21e,Imported Buy,0.0,0.0,nan,0.0,0.0,0.0
2025-250,UGL,SELL,2025-11-14 16:00,300.0,49.65,14895.0,sr1.1 capital protection - hard stop,Imported Sell,-482.99999999999983,0.0,nan,0.0,0.0,0.0
2025-251,NBIS,BUY,2025-11-11 09:30,125.0,110.35,13793.75,br4.2 PB 50s,Imported Buy,0.0,0.0,nan,0.0,0.0,0.0
2025-251,NBIS,SELL,2025-11-11 16:00,125.0,100.84,12605.0,sr1.1 capital protection - hard stop,Imported Sell,-1188.7499999999989,0.0,nan,0.0,0.0,0.0
2025-252,NBIS,BUY,2025-11-19 09:30,95.0,96.0,9120.0,br1.4 Double Bottom,Imported Buy,0.0,0.0,nan,0.0,0.0,0.0
2025-252,NBIS,SELL,2025-11-19 16:00,95.0,94.02,8931.9,sr1.1 capital protection - hard stop,Imported Sell,-188.10000000000036,0.0,nan,0.0,0.0,0.0
2025-253,TQQQ,BUY,2025-04-29 09:30,882.0,51.93,45802.26,br7.1 TQQQ Strategy,Imported Buy,0.0,0.0,B1,0.0,0.0,0.0
2025-253,TQQQ,SELL,2025-11-07 16:00,882.0,96.85,85421.7,sr8 TQQQ Strategy Exit,Imported Sell,39619.439999999995,0.0,S1,0.0,0.0,0.0
2025-254,LLY,BUY,2025-11-10 08:41,16.0,964.23,15427.68,br1.2 Cup w Handle,Heavy rotation to healthcare space,0.0,1009.0,B1,0.0,0.0,0.0
2025-254,LLY,BUY,2025-11-10 08:53,16.0,972.89,15566.24,br1.2 Cup w Handle,Adding to working position,0.0,1009.0,B2,0.0,0.0,0.0
2025-254,LLY,BUY,2025-11-18 10:41,4.0,1033.38,4133.52,br1.2 Cup w Handle,Adding at logical spot,0.0,1009.0,A1,0.0,0.0,0.0
2025-255,GOOGL,BUY,2025-11-19 16:00,60.0,292.68,17560.8,br1.1 Consolidation,Import,0.0,0.0,B1-Auto,0.0,0.0,0.0
2025-256,AMD,BUY,2025-11-20 16:00,40.0,231.24,9249.6,ns No Setup,Import,0.0,0.0,B1-Auto,0.0,0.0,0.0
2025-257,HOOD,BUY,2025-11-20 16:00,76.0,121.93,9266.68,ns No Setup,Import,0.0,0.0,B1-Auto,0.0,0.0,0.0
2025-258,NBIS,BUY,2025-11-20 16:00,92.0,100.615,9256.58,br1.4 Double Bottom,Import,0.0,0.0,B1-Auto,0.0,0.0,0.0
2025-259,WDC,BUY,2025-11-20 16:00,58.0,159.77,9266.66,br4.1 PB 21e,Import,0.0,0.0,B1-Auto,0.0,0.0,0.0
2025-260,NVDA,BUY,2025-11-20 16:00,50.0,195.208,9760.4,br6.1 Gapper,Import,0.0,0.0,B1-Auto,0.0,0.0,0.0
2025-261,GEV,BUY,2025-11-20 16:00,8.0,622.38,4979.04,br3.2 Reclaim 50s,Import,0.0,0.0,B1-Auto,0.0,0.0,0.0
2025-261,GEV,BUY,2025-11-20 16:00,7.0,622.371,4356.597,IBKR,Import,0.0,0.0,B1-Auto,0.0,0.0,0.0
2025-259,WDC,SELL,2025-11-20 16:00,58.0,147.9,8578.2,sr1.1 capital protection - hard stop,Import,-688.4600000000003,0.0,S1-Auto,0.0,0.0,0.0
2025-257,HOOD,SELL,2025-11-20 16:00,76.0,113.008,8588.608,sr1.1 capital protection - hard stop,Import,-678.0720000000008,0.0,S1-Auto,0.0,0.0,0.0
2025-258,NBIS,SELL,2025-11-20 16:00,92.0,92.728,8530.975999999999,sr1.1 capital protection - hard stop,Import,-725.604,0.0,S1-Auto,0.0,0.0,0.0
2025-261,GEV,SELL,2025-11-20 16:00,15.0,588.295,8824.425,sr1.1 capital protection - hard stop,Import,-511.2120000000005,0.0,S1-Auto,0.0,0.0,0.0
2025-256,AMD,SELL,2025-11-20 16:00,40.0,211.71,8468.4,sr1.1 capital protection - hard stop,Import,-781.2,0.0,S1-Auto,0.0,0.0,0.0
2025-255,GOOGL,SELL,2025-11-20 16:00,12.0,290.88,3490.56,IBKR,Import,-21.600000000000136,0.0,S2-Auto,0.0,0.0,0.0
2025-255,GOOGL,SELL,2025-11-20 16:00,18.0,290.89,5236.0199999999995,sr3 Portfolio Management,Import,-32.22000000000037,0.0,S2-Auto,0.0,0.0,0.0
2025-255,GOOGL,SELL,2025-11-20 16:00,30.0,290.8815,8726.445,sr3 Portfolio Management,Import,-53.9549999999997,0.0,S2-Auto,0.0,0.0,0.0
2025-260,NVDA,SELL,2025-11-20 16:00,50.0,181.78,9089.0,sr1.1 capital protection - hard stop,Import,-671.3999999999999,0.0,S1-Auto,0.0,0.0,0.0
2025-262,MEDP,BUY,2025-11-24 10:00,15.0,608.7,9130.5,br8.1 Daily STL Break,Rebound from the 21e and a break of a daily STL. Swing Trader Idea generation. Starting a 2.5% position as I'm very cold at the moment. RS is strong on the stock,0.0,579.0,B1,0.0,0.0,0.0
2025-263,WDC,BUY,2025-11-25 09:40,60.0,151.55,9093.0,br3.1 Reclaim 21e,Reclaim of the 21e. Showing RS in downturn. Hot group,0.0,147.0,B1,0.0,0.0,0.0
2025-264,SPXL,BUY,2025-11-25 09:35,45.0,210.9386,9492.237,br3.1 Reclaim 21e,SPY reclaims the 21e. Rotation to RSP ,0.0,201.15,B1,0.0,0.0,0.0
2025-265,TQQQ,BUY,2025-11-25 09:30,175.0,51.535,9018.625,br3.1 Reclaim 21e,QQQ reclaims the 50s and the 21e,0.0,52.0,B1,0.0,0.0,0.0
2025-262,MEDP,BUY,2025-11-25 09:17,15.0,626.4,9396.0,ar1 New High after Gentle PB,,0.0,616.46,B2,0.0,0.0,0.0
2025-262,MEDP,SELL,2025-11-25 13:34,15.0,616.46,9246.9,sr1.1 capital protection - hard stop,,-149.0999999999991,0.0,SB2,0.0,0.0,0.0
2025-266,AMKR,BUY,2025-11-25 12:16,275.0,33.67,9259.25,br3.1 Reclaim 21e,Showing RS with green signal. Above the 21e. Using the 10W as my stop. Hasn't closed below it since the uptrend. ,0.0,33.5,B1,0.0,0.0,0.0
2025-267,NVDA,BUY,2025-11-25 22:16,52.0,176.7393,9190.4436,ns No Setup,Just conviction buy. Stock chart doesn't look great,0.0,164.25,B1,0.0,0.0,0.0
2025-268,AMD,BUY,2025-11-25 12:40,45.0,200.72,9032.4,ns No Setup,Just conviction and no chart setup,0.0,201.0,B1,0.0,0.0,0.0
2025-269,SOFI,BUY,2025-11-26 12:01,325.0,28.71,9330.75,br3.2 Reclaim 50s,Adding here using the 10W reclaim. a Flush and a powerful reclaim. RS is green on the weekly chart,0.0,28.0,B1,0.0,0.0,0.0
2025-266,AMKR,BUY,2025-11-26 14:55,270.0,33.83,9134.1,ar8 Adding to initial position,Adding to IP,0.0,33.5,A1,0.0,0.0,0.0
2025-269,SOFI,BUY,2025-11-26 12:01,325.0,28.71,9330.75,ar8 Adding to initial position,Adding to IP,0.0,28.0,A1,0.0,0.0,0.0
2025-263,WDC,BUY,2025-11-26 08:30,60.0,157.03,9421.8,ar8 Adding to initial position,Adding to IP,0.0,147.0,A1,0.0,0.0,0.0
2025-264,SPXL,BUY,2025-11-26 13:08,90.0,217.36,19562.4,ar1 New High after Gentle PB,Adding to IP,0.0,201.15,A1,0.0,0.0,0.0
2025-265,TQQQ,BUY,2025-11-26 13:09,350.0,53.04,18564.0,ar8 Adding to initial position,Break of STL. Adding to IP,0.0,52.0,A1,0.0,0.0,0.0
2025-269,SOFI,BUY,2025-11-26 13:06,650.0,28.745,18684.25,ar8 Adding to initial position,Adding to IP,0.0,28.0,A2,0.0,0.0,0.0
2025-262,MEDP,BUY,2025-11-24 10:00,15.0,610.79,9161.85,ar2 KMA Pullback,PB to 8e and STL,0.0,593.0,A1,0.0,0.0,0.0
2025-270,HOOD,BUY,2025-11-26 13:14,75.0,123.67,9275.25,br1.4 Double Bottom,On HOOD news DB entry,0.0,120.5,B1,0.0,0.0,0.0
2025-271,GDX,BUY,2025-11-26 13:11,465.0,79.48,36958.2,br3.1 Reclaim 21e,,0.0,78.0,B1,0.0,0.0,0.0
2025-264,SPXL,BUY,2025-11-26 13:08,90.0,220.2988,19826.892,ar8 Adding to initial position,,0.0,201.15,A2,0.0,0.0,0.0
2025-265,TQQQ,BUY,2025-11-26 08:30,175.0,52.9,9257.5,ar8 Adding to initial position,,0.0,52.0,A2,0.0,0.0,0.0
2025-272,PWR,BUY,2025-11-26 13:13,20.0,457.31,9146.2,br3.1 Reclaim 21e,,0.0,450.0,B1,0.0,0.0,0.0
2025-273,CIEN,BUY,2025-11-26 13:12,46.0,201.47,9267.62,br8.1 Daily STL Break,Break of STL and RS above moving averages,0.0,187.0,B1,0.0,0.0,0.0
2025-270,HOOD,BUY,2025-11-26 13:14,75.0,125.6478,9423.585,ar8 Adding to initial position,,0.0,120.5,A1,0.0,0.0,0.0
2025-274,FIX,BUY,2025-11-26 12:57,10.0,980.76,9807.6,br3.1 Reclaim 21e,,0.0,910.0,B1,0.0,0.0,0.0
2025-266,AMKR,BUY,2025-11-25 08:30,545.0,34.227,18653.714999999997,ar8 Adding to initial position,,0.0,33.5,B2,0.0,0.0,0.0
2025-265,TQQQ,BUY,2025-11-25 09:30,175.0,53.475,9358.125,ar8 Adding to initial position,,0.0,49.73175,A3,0.0,0.0,0.0
2025-264,SPXL,BUY,2025-11-25 09:35,45.0,210.9,9490.5,ar8 Adding to initial position,,0.0,201.15,A3,0.0,0.0,0.0
2025-262,MEDP,SELL,2025-11-24 10:00,15.0,601.05,9015.75,sr1.1 capital protection - hard stop,,-146.10000000000014,0.0,SA1,0.0,0.0,0.0
2025-254,LLY,SELL,2025-11-28 08:36,4.0,1089.55,4358.2,sr4 Change of Character,Market rotation ,224.67999999999935,0.0,SA1,0.0,0.0,0.0
2025-254,LLY,SELL,2025-11-28 08:38,14.0,1088.11,15233.54,sr4 Change of Character,,1613.0799999999988,0.0,Rotation is back out of healthcare,0.0,0.0,0.0
2025-254,LLY,SELL,2025-11-28 08:47,18.0,1072.164,19298.952,sr4 Change of Character,,1925.4919999999995,0.0,Rotation out of healthcare,0.0,0.0,0.0
2025-262,MEDP,SELL,2025-11-24 10:00,15.0,599.38,8990.7,sr1.1 capital protection - hard stop,,-139.80000000000075,0.0,SB1,0.0,0.0,0.0
2025-272,PWR,SELL,2025-11-26 13:13,20.0,459.669,9193.38,sr1.1 capital protection - hard stop,,47.17999999999961,0.0,Not acting well. Very cautious at the moment,0.0,0.0,0.0
2025-275,CLS,BUY,2025-11-28 18:50,28.0,337.701,9455.628,br3.1 Reclaim 21e,,0.0,310.68492000000003,B1,0.0,0.0,0.0
2025-270,HOOD,BUY,2025-11-26 12:27,141.0,128.725,18150.225,ar8 Adding to initial position,,0.0,119.71425,A2,0.0,0.0,0.0
2025-267,NVDA,BUY,2025-11-25 22:16,52.0,178.065,9259.38,ar8 Adding to initial position,,0.0,165.60045,A1,0.0,0.0,0.0
2025-276,BE,BUY,2025-11-28 09:39,89.0,105.51,9390.39,br3.2 Reclaim 50s,Reclaims both the 50s and the 21e,0.0,102.0,B1,0.0,0.0,0.0
2025-274,FIX,SELL,2025-12-01 08:30,10.0,960.365,9603.65,sr1.1 capital protection - hard stop,,-203.94999999999985,0.0,SB1,0.0,0.0,0.0
2025-273,CIEN,SELL,2025-12-01 08:37,46.0,198.415,9127.09,sr1.1 capital protection - hard stop,,-140.5300000000003,0.0,Market selloff and reducing exposure.,0.0,0.0,0.0
2025-275,CLS,BUY,2025-11-28 08:30,28.0,339.55,9507.4,ar8 Adding to initial position,,0.0,330.1,A1,0.0,0.0,0.0
2025-275,CLS,SELL,2025-12-01 08:32,56.0,330.1,18485.6,sr1.1 capital protection - hard stop,,-477.42799999999966,0.0,Market selloff and reducing exposure.,0.0,0.0,0.0
2025-263,WDC,BUY,2025-12-01 09:02,119.0,159.09,18931.71,ar8 Adding to initial position,Increasing to 10% PS,0.0,166.5,A2,0.0,0.0,0.0
2025-276,BE,SELL,2025-12-01 10:07,89.0,101.595,9041.955,sr1.1 capital protection - hard stop,,-348.43500000000057,0.0,SB1,0.0,0.0,0.0
2025-268,AMD,BUY,2025-12-01 09:02,45.0,217.9273,9806.7285,ar8 Adding to initial position,Increasing to 5% PS,0.0,202.672389,A1,0.0,0.0,0.0
2025-267,NVDA,BUY,2025-12-01 12:18,108.0,179.305,19364.94,ar8 Adding to initial position,Increasing to 10% PS,0.0,166.75365,A2,0.0,0.0,0.0
2025-268,AMD,BUY,2025-12-01 12:48,83.0,220.25,18280.75,ar3 KMA Reclaim,,0.0,209.23,A2,0.0,0.0,0.0
2025-277,ALAB,BUY,2025-12-02 09:19,53.0,177.195,9391.335,br8.1 Daily STL Break,,0.0,168.33524999999997,B1,0.0,0.0,0.0
2025-265,TQQQ,BUY,2025-12-02 09:19,1000.0,54.94,54940.0,ar8 Adding to initial position,,0.0,50.5448,A4,0.0,0.0,0.0
2025-265,TQQQ,BUY,2025-12-02 09:19,537.0,55.19,29637.03,ar8 Adding to initial position,,0.0,52.56,A5,0.0,0.0,0.0
2025-266,AMKR,BUY,2025-12-02 09:19,242.0,38.861,9404.362,ar1 New High after Gentle PB,,0.0,35.0,A2,0.0,0.0,0.0
2025-278,U,BUY,2025-12-02 09:19,212.0,44.511,9436.332,br1.2 Cup w Handle,,0.0,42.28545,B1,0.0,0.0,0.0
2025-279,CRDO,BUY,2025-12-02 09:19,25.0,204.62,5115.5,br6.1 Gapper,Massive earnings gap. ,0.0,188.0,B1,0.0,0.0,0.0
2025-279,CRDO,BUY,2025-12-02 09:19,25.0,203.545,5088.625,ar8 Adding to initial position,Massive earnings gap. ,0.0,188.0,B2,0.0,0.0,0.0
2025-271,GDX,SELL,2025-12-02 09:41,465.0,80.575,37467.375,sr4 Change of Character,,509.1749999999995,0.0,broke the 8e on rotation day.,0.0,0.0,0.0
2025-279,CRDO,BUY,2025-12-02 18:13,20.0,193.54,3870.8,ar8 Adding to initial position,,0.0,183.86299999999997,B3,0.0,0.0,0.0
2025-279,CRDO,BUY,2025-12-02 18:13,20.0,195.8,3916.0,ar8 Adding to initial position,,0.0,186.01,B4,0.0,0.0,0.0
2025-279,CRDO,BUY,2025-12-02 18:13,5.0,195.8,979.0,ar8 Adding to initial position,,0.0,186.01,B5,0.0,0.0,0.0
2025-277,ALAB,SELL,2025-12-02 11:28,53.0,151.27,8017.31,sr4 Change of Character,,-1374.0249999999992,0.0,Nasty downside reversal.,0.0,0.0,0.0
2025-280,MDB,BUY,2025-12-02 12:20,26.0,407.89,10605.14,br6.1 Gapper,Monster earnings,0.0,396.0,B1,0.0,0.0,0.0
2025-281,GEV,BUY,2025-12-02 12:30,32.0,604.75,19352.0,br8.1 Daily STL Break,Monster earnings,0.0,574.5124999999999,B1,0.0,0.0,0.0
2025-266,AMKR,SELL,2025-12-02 08:32,242.0,40.52,9805.84,sr2 Selling into Strength,,401.47800000000143,0.0,SA2,0.0,0.0,0.0
2025-266,AMKR,SELL,2025-12-03 10:40,270.0,40.64,10972.8,sr2 Selling into Strength,,1838.7000000000007,0.0,SA2,0.0,0.0,0.0
2025-281,GEV,SELL,2025-12-03 10:40,32.0,584.09,18690.88,sr1.1 capital protection - hard stop,,-661.119999999999,0.0,SB1,0.0,0.0,0.0
2025-279,CRDO,SELL,2025-12-03 10:40,95.0,179.112,17015.64,sr1.1 capital protection - hard stop,,-1954.2850000000003,0.0,SB5,0.0,0.0,0.0
2025-280,MDB,SELL,2025-12-03 10:40,13.0,397.384,5165.992,sr1.1 capital protection - hard stop,,-86.8919999999996,0.0,SB1,0.0,0.0,0.0
2025-282,NAIL,BUY,2025-12-03 11:14,146.0,66.61,9725.06,br9.1 21e Strategy,,0.0,61.281200000000005,B1,0.0,0.0,0.0
2025-280,MDB,BUY,2025-12-03 10:51,34.0,404.068,13738.312,ar8 Adding to initial position,Adding on reclaim of gap up low ,0.0,396.0,A1,0.0,0.0,0.0
2025-283,GOOGL,BUY,2025-12-03 13:55,60.0,320.895,19253.699999999997,br3.1 Reclaim 21e,PB to the 8e. Mishandled GOOGL. Buying it again here. ,0.0,299.0,B1,0.0,0.0,0.0
2025-284,PLTR,BUY,2025-12-03 14:23,112.0,175.179,19620.048,br1.4 Double Bottom,Db entry here on my biggest winners,0.0,168.5,B1,0.0,0.0,0.0
2025-270,HOOD,BUY,2025-12-03 14:23,69.0,134.0388,9248.6772,ar3 KMA Reclaim,Adding to HOOD after reclaim of 50s,0.0,127.33686,A3,0.0,0.0,0.0
2025-270,HOOD,BUY,2025-12-04 08:38,66.0,134.79,8896.14,ar3 KMA Reclaim,,0.0,128.0505,A4,0.0,0.0,0.0
2025-285,APP,BUY,2025-12-04 11:08,14.0,693.801,9713.214,br1.1 Consolidation,Double bottom entry. buying late. missed the move ,0.0,659.11095,B1,0.0,0.0,0.0
2025-282,NAIL,BUY,2025-12-04 12:31,73.0,64.005,4672.365,ar8 Adding to initial position,,0.0,60.80474999999999,A1,0.0,0.0,0.0
2025-280,MDB,SELL,2025-12-04 12:46,47.0,397.099,18663.653,sr1 Capital Protection,,-426.9149999999998,0.0,SA1,0.0,0.0,0.0
2025-286,LLY,BUY,2025-12-04 08:31,38.0,1024.41,38927.58,br4.1 PB 21e,PB from 21e and rebounding ,0.0,1006.06,B1,0.0,0.0,0.0
2025-287,SNDK,BUY,2025-12-04 08:31,175.0,216.176,37830.8,br8.1 Daily STL Break,Break of daily stl. previous big leader,0.0,211.0,B1,0.0,0.0,0.0
2025-288,RDDT,BUY,2025-12-04 08:31,40.0,230.33,9213.2,br1.1 Consolidation,Nice consolidation breakout,0.0,205.5,B1,0.0,0.0,0.0
2025-269,SOFI,BUY,2025-12-04 08:31,200.0,27.448,5489.6,ar8 Adding to initial position,Gapped down on dilution news ,0.0,27.0,A3,0.0,0.0,0.0
2025-282,NAIL,BUY,2025-12-04 08:31,100.0,62.87,6287.0,ar8 Adding to initial position,,0.0,57.8404,A2,0.0,0.0,0.0
2025-286,LLY,SELL,2025-12-04 12:54,38.0,1006.06,38230.28,sr1 Capital Protection,,-697.3000000000052,0.0,SB1,0.0,0.0,0.0
2025-282,NAIL,SELL,2025-12-08 08:30,160.0,60.12,9619.2,sr1 Capital Protection,,-522.8549999999998,0.0,SA1,0.0,0.0,0.0
2025-282,NAIL,SELL,2025-12-08 08:35,159.0,58.97,9376.23,sr1 Capital Protection,,-1166.14,0.0,SA2,0.0,0.0,0.0
2025-288,RDDT,BUY,2025-12-08 08:41,44.0,228.43,10050.92,ar1 New High after Gentle PB,Adding after pb that found support at the consolidation level,0.0,205.5,A1,0.0,0.0,0.0
2025-278,U,BUY,2025-12-08 08:40,215.0,47.2,10148.0,ar8 Adding to initial position,Breakout to new ATH,0.0,43.42400000000001,A1,0.0,0.0,0.0
2025-266,AMKR,SELL,2025-12-08 10:52,320.0,44.335,14187.2,sr2 Selling into Strength,,3387.7349999999997,0.0,SB1,0.0,0.0,0.0
2025-005,GEV,BUY,2025-12-08 08:42,47.0,615.1,28909.7,br8.1 Daily STL Break,Break of STL. 2nd try,0.0,575.0,B1,0.0,0.0,0.0
2025-285,APP,BUY,2025-12-09 11:47,13.0,699.44,9092.72,ar8 Adding to initial position,Showing RS in a red day. Added to position,0.0,664.4680000000001,A1,0.0,0.0,0.0
2025-270,HOOD,BUY,2025-12-09 11:47,67.0,138.195,9259.065,ar8 Adding to initial position,Continuing to build max position on this double bottom,0.0,124.0,A5,0.0,0.0,0.0
2025-266,AMKR,BUY,2025-12-09 11:47,372.0,44.469,16542.468,ar8 Adding to initial position,Adding back after stock recovered from extension,0.0,42.24555,A3,0.0,0.0,0.0
2025-006,ARKK,BUY,2025-12-09 11:47,334.0,82.737,27634.158,br3.1 Reclaim 21e,"Webby 3-day rule, RS not confirming ",0.0,79.84120499999999,B1,0.0,0.0,0.0
2025-269,SOFI,SELL,2025-12-09 12:50,750.0,26.891,20168.25,sr1 Capital Protection,,-1131.100000000002,0.0,SA3,0.0,0.0,0.0
2025-269,SOFI,SELL,2025-12-09 13:20,750.0,26.882,20161.5,sr1 Capital Protection,,-1374.4999999999995,0.0,SA2,0.0,0.0,0.0
2025-007,ETHA,BUY,2025-12-09 14:31,440.0,25.5,11220.0,br3.1 Reclaim 21e,,0.0,24.225,B1,0.0,0.0,0.0
2025-278,U,BUY,2025-12-10 08:30,348.0,48.99,17048.52,ar1 New High after Gentle PB,new ATH on huge monthly base ,0.0,48.0,A2,0.0,0.0,0.0
2025-005,GEV,BUY,2025-12-10 08:30,19.0,693.0,13167.0,ar5 Continuation Gap Up,gapped up on updated guidance news ,0.0,678.0,A1,0.0,0.0,0.0
2025-266,AMKR,BUY,2025-12-10 08:30,100.0,45.795,4579.5,ar1 New High after Gentle PB,new ATH on monthly base,0.0,43.50525,A4,0.0,0.0,0.0
2025-266,AMKR,BUY,2025-12-10 08:30,100.0,45.871,4587.1,ar1 New High after Gentle PB,new ATH on monthly base ,0.0,43.0,A5,0.0,0.0,0.0
2025-284,PLTR,BUY,2025-12-10 08:30,60.0,186.695,11201.7,ar8 Adding to initial position,new government contract. acting well,0.0,179.0,A1,0.0,0.0,0.0
2025-288,RDDT,BUY,2025-12-10 08:30,78.0,238.73,18620.94,ar8 Adding to initial position,acting well above consolidation area,0.0,225.0,A2,0.0,0.0,0.0
2025-283,GOOGL,BUY,2025-12-10 17:17,60.0,321.059,19263.54,ar8 Adding to initial position,,0.0,314.0,A1,0.0,0.0,0.0
2025-007,ETHA,SELL,2025-12-11 08:30,440.0,24.025,10571.0,sr1 Capital Protection,,-649.0000000000007,0.0,SB1,0.0,0.0,0.0
2025-268,AMD,SELL,2025-12-11 08:30,173.0,215.31,37248.63,sr1 Capital Protection,,128.7515000000003,0.0,SA2,0.0,0.0,0.0
2025-006,ARKK,SELL,2025-12-11 08:30,334.0,81.842,27335.228,sr1 Capital Protection,,-298.9299999999987,0.0,SB1,0.0,0.0,0.0
2025-267,NVDA,SELL,2025-12-11 08:30,212.0,179.521,38058.452,sr1 Capital Protection,,243.68839999999727,0.0,SA2,0.0,0.0,0.0
2025-005,GEV,BUY,2025-12-11 11:49,10.0,694.43,6944.299999999999,ar8 Adding to initial position,PB to base on market selloff based on ORCL earnings,0.0,659.7085,A2,0.0,0.0,0.0
2025-266,AMKR,BUY,2025-12-11 11:49,225.0,46.34,10426.5,ar8 Adding to initial position,PB to base on market selloff based on ORCL earnings,0.0,44.023,A6,0.0,0.0,0.0
2025-283,GOOGL,SELL,2025-12-11 08:30,120.0,314.972,37796.64,sr1 Capital Protection,,-720.6000000000029,0.0,SA1,0.0,0.0,0.0
2025-008,LLY,BUY,2025-12-11 11:49,23.0,1020.11,23462.53,br3.1 Reclaim 21e,Reclaim of 21e by LLY after multiple days pullback ,0.0,969.1045,B1,0.0,0.0,0.0
2025-009,ASTS,BUY,2025-12-12 08:30,702.0,83.207,58411.314,br1.1 Consolidation,Put wrong market buy order on IBKR,0.0,76.55044,B1,0.0,0.0,0.0
2025-009,ASTS,SELL,2025-12-12 12:24,702.0,82.67,58034.34,sr1.1 Capital Protection (Hard Stop),,-376.9739999999944,0.0,mistake entry,0.0,0.0,0.0
2025-278,U,SELL,2025-12-12 08:37,775.0,47.895,37118.625,sr1.1 Capital Protection (Hard Stop),,485.7730000000006,0.0,SA2,0.0,0.0,0.0
2025-010,ASTS,BUY,2025-12-12 08:51,100.0,83.16,8316.0,br1.1 Consolidation,anticipated buy point,0.0,76.5072,B1,0.0,0.0,0.0
2025-005,GEV,SELL,2025-12-12 09:09,38.0,665.75,25298.5,sr1.1 Capital Protection (Hard Stop),,-533.1299999999992,0.0,Market under pressure,0.0,0.0,0.0
2025-010,ASTS,SELL,2025-12-12 09:44,100.0,81.338,8133.799999999999,sr1.1 Capital Protection (Hard Stop),,-182.20000000000027,0.0,Market under pressure,0.0,0.0,0.0
2025-008,LLY,BUY,2025-12-12 08:51,7.0,1023.69,7165.83,ar8 Adding to initial position,,0.0,941.7948,A1,0.0,0.0,0.0
2025-005,GEV,BUY,2025-12-12 08:51,22.0,669.515,14729.33,ar8 Adding to initial position,,0.0,615.9538,A3,0.0,0.0,0.0
2025-011,ULTA,BUY,2025-12-12 08:51,15.0,599.09,8986.35,br1.1 Consolidation,,0.0,551.1628000000001,B1,0.0,0.0,0.0
2025-285,APP,SELL,2025-12-12 09:44,27.0,671.15,18121.05,sr1.1 Capital Protection (Hard Stop),,0.0,,SA1,,,
