Trade_ID,Ticker,Status,Open_Date,Closed_Date,Shares,Avg_Entry,Avg_Exit,Total_Cost,Realized_PL,Unrealized_PL,Return_Pct,Sell_Rule,Notes,Amount,Value,Stop_Loss,Rule,Buy_Notes,Sell_Notes,Risk_Budget
202311-001,NVDA,CLOSED,2023-11-16 09:30,2025-01-29 16:00,652.0,110.44,125.34,72006.88,9714.8,0.0,13.49148859,History,Imported,0.0,0.0,0.0,History,,,0.0
202408-001,PLTR,CLOSED,2024-08-08 09:30,2025-02-27 16:00,2282.0,65.16,74.58,148695.12,21496.44,0.0,14.45672192,History,Imported,0.0,0.0,0.0,History,,,0.0
202410-001,RDDT,CLOSED,2024-10-02 09:30,2025-02-20 16:00,886.0,133.5,152.62,118281.0,16940.32,0.0,14.32209738,History,Imported,0.0,0.0,0.0,History,,,0.0
202411-001,DECK,CLOSED,2024-11-08 09:30,2025-01-31 16:00,150.0,180.85,182.84,27127.5,298.5,0.0,1.100359414,History,Imported,0.0,0.0,0.0,History,,,0.0
202411-002,ALAB,CLOSED,2024-11-13 09:30,2025-01-27 16:00,467.0,108.59,97.85,50711.53,-5015.58,0.0,-9.890413482,History,Imported,0.0,0.0,0.0,History,,,0.0
202501-001,SPOT,CLOSED,2025-01-02 09:30,2025-02-03 16:00,67.0,469.52,531.57,31457.84,4157.35,0.0,13.21562447,History,Imported,0.0,0.0,0.0,History,,,0.0
202501-002,IBKR,CLOSED,2025-01-02 09:30,2025-01-27 16:00,120.0,182.45,201.98,21894.0,2343.6,0.0,10.70430255,History,Imported,0.0,0.0,0.0,History,,,0.0
202501-003,NET,CLOSED,2025-01-02 09:30,2025-01-10 16:00,198.0,114.46,109.82,22663.08,-918.72,0.0,-4.053817928,History,Imported,0.0,0.0,0.0,History,,,0.0
202501-004,APP,CLOSED,2025-01-02 09:30,2025-01-07 16:00,66.0,339.75,327.52,22423.5,-807.18,0.0,-3.599705666,History,Imported,0.0,0.0,0.0,History,,,0.0
202501-005,GEV,CLOSED,2025-01-03 09:30,2025-01-27 16:00,75.0,351.4,356.86,26355.0,409.5,0.0,1.553784861,History,Imported,0.0,0.0,0.0,History,,,0.0
202501-006,MSTR,CLOSED,2025-01-03 09:30,2025-01-07 16:00,20.0,358.68,357.48,7173.6,-24.0,0.0,-0.334560054,History,Imported,0.0,0.0,0.0,History,,,0.0
202501-007,ASAN,CLOSED,2025-01-08 09:30,2025-01-27 16:00,1098.0,19.49,20.05,21400.02,614.88,0.0,2.873268343,History,Imported,0.0,0.0,0.0,History,,,0.0
202501-008,APP,CLOSED,2025-01-13 09:30,2025-01-27 16:00,66.0,315.14,337.03,20799.24,1444.74,0.0,6.946119185,History,Imported,0.0,0.0,0.0,History,,,0.0
202501-009,CAVA,CLOSED,2025-01-14 09:30,2025-02-19 16:00,337.0,122.35,123.49,41231.95,384.18,0.0,0.931753167,History,Imported,0.0,0.0,0.0,History,,,0.0
202501-010,KVYO,CLOSED,2025-01-14 09:30,2025-01-22 16:00,130.0,39.45,42.13,5128.5,348.4,0.0,6.793409379,History,Imported,0.0,0.0,0.0,History,,,0.0
202501-011,SE,CLOSED,2025-01-28 09:30,2025-02-20 16:00,175.0,121.19,131.74,21208.25,1846.25,0.0,8.705338724,History,Imported,0.0,0.0,0.0,History,,,0.0
202501-012,DOCS,CLOSED,2025-01-28 09:30,2025-02-27 16:00,793.0,65.24,72.31,51735.32,5606.51,0.0,10.83690987,History,Imported,0.0,0.0,0.0,History,,,0.0
202501-013,LULU,CLOSED,2025-01-28 09:30,2025-02-03 16:00,52.0,412.67,403.41,21458.84,-481.52,0.0,-2.243923716,History,Imported,0.0,0.0,0.0,History,,,0.0
202501-014,GRMN,CLOSED,2025-01-28 09:30,2025-01-29 16:00,100.0,220.15,215.9,22015.0,-425.0,0.0,-1.930501931,History,Imported,0.0,0.0,0.0,History,,,0.0
202501-015,ISRG,CLOSED,2025-01-28 09:30,2025-01-31 16:00,26.0,572.67,573.26,14889.42,15.34,0.0,0.103026176,History,Imported,0.0,0.0,0.0,History,,,0.0
202501-016,APP,CLOSED,2025-01-29 09:30,2025-02-20 16:00,88.0,390.2,427.96,34337.6,3322.88,0.0,9.677088672,History,Imported,0.0,0.0,0.0,History,,,0.0
202501-017,XYZ,CLOSED,2025-01-29 09:30,2025-02-04 16:00,225.0,89.73,85.7,20189.25,-906.75,0.0,-4.491251532,History,Imported,0.0,0.0,0.0,History,,,0.0
202501-018,UAL,CLOSED,2025-01-29 09:30,2025-01-31 16:00,210.0,108.48,106.47,22780.8,-422.1,0.0,-1.852876106,History,Imported,0.0,0.0,0.0,History,,,0.0
202501-019,SHOP,CLOSED,2025-01-30 09:30,2025-01-31 16:00,200.0,119.49,116.47,23898.0,-604.0,0.0,-2.527408151,History,Imported,0.0,0.0,0.0,History,,,0.0
202501-020,SNOW,CLOSED,2025-01-31 09:30,2025-02-05 16:00,120.0,185.51,183.73,22261.2,-213.6,0.0,-0.959517007,History,Imported,0.0,0.0,0.0,History,,,0.0
202502-001,IBKR,CLOSED,2025-02-03 09:30,2025-02-05 16:00,90.0,223.73,224.07,20135.7,30.6,0.0,0.151968891,History,Imported,0.0,0.0,0.0,History,,,0.0
202502-002,COST,CLOSED,2025-02-03 09:30,2025-02-10 16:00,12.0,994.27,1049.91,11931.24,667.68,0.0,5.596065455,History,Imported,0.0,0.0,0.0,History,,,0.0
202502-003,NFLX,CLOSED,2025-02-03 09:30,2025-02-18 16:00,23.0,983.61,1035.18,22623.03,1186.11,0.0,5.24293165,History,Imported,0.0,0.0,0.0,History,,,0.0
202502-004,ISRG,CLOSED,2025-02-04 09:30,2025-02-05 16:00,36.0,591.35,588.21,21288.6,-113.04,0.0,-0.530988416,History,Imported,0.0,0.0,0.0,History,,,0.0
202502-005,IOT,CLOSED,2025-02-05 09:30,2025-02-19 16:00,623.0,55.3,58.58,34451.9,2043.44,0.0,5.931283906,History,Imported,0.0,0.0,0.0,History,,,0.0
202502-006,AXON,CLOSED,2025-02-05 09:30,2025-02-10 16:00,33.0,678.93,675.0,22404.69,-129.69,0.0,-0.578852017,History,Imported,0.0,0.0,0.0,History,,,0.0
202502-007,DUOL,CLOSED,2025-02-12 09:30,2025-02-18 16:00,45.0,386.0,428.82,17370.0,1926.9,0.0,11.09326425,History,Imported,0.0,0.0,0.0,History,,,0.0
202502-008,ARKK,CLOSED,2025-02-12 09:30,2025-02-19 16:00,540.0,62.56,67.13,33782.4,2467.8,0.0,7.304987212,History,Imported,0.0,0.0,0.0,History,,,0.0
202502-009,SHOP,CLOSED,2025-02-12 09:30,2025-02-18 16:00,144.0,122.0,126.92,17568.0,708.48,0.0,4.032786885,History,Imported,0.0,0.0,0.0,History,,,0.0
202502-010,SNOW,CLOSED,2025-02-12 09:30,2025-02-13 16:00,93.0,187.92,192.21,17476.56,398.97,0.0,2.282886335,History,Imported,0.0,0.0,0.0,History,,,0.0
202502-011,GTLB,CLOSED,2025-02-12 09:30,2025-02-13 16:00,246.0,70.32,70.52,17298.72,49.2,0.0,0.284414107,History,Imported,0.0,0.0,0.0,History,,,0.0
202502-012,AXON,CLOSED,2025-02-14 09:30,2025-02-19 16:00,54.0,675.09,669.96,36454.86,-277.02,0.0,-0.75989868,History,Imported,0.0,0.0,0.0,History,,,0.0
202502-013,TWLO,CLOSED,2025-02-18 09:30,2025-02-19 16:00,154.0,125.43,120.4,19316.22,-774.62,0.0,-4.010204895,History,Imported,0.0,0.0,0.0,History,,,0.0
202502-014,META,CLOSED,2025-02-19 09:30,2025-02-20 16:00,51.0,699.14,696.95,35656.14,-111.69,0.0,-0.313241983,History,Imported,0.0,0.0,0.0,History,,,0.0
202502-015,ARKK,CLOSED,2025-02-19 09:30,2025-02-19 16:00,540.0,66.66,65.51,35996.4,-621.0,0.0,-1.725172517,History,Imported,0.0,0.0,0.0,History,,,0.0
202502-016,PLTR,CLOSED,2025-02-20 09:30,2025-02-21 16:00,155.0,105.09,101.75,16288.95,-517.7,0.0,-3.178228185,History,Imported,0.0,0.0,0.0,History,,,0.0
202502-017,META,CLOSED,2025-02-25 09:30,2025-02-27 16:00,48.0,658.93,658.7,31628.64,-11.04,0.0,-0.034905073,History,Imported,0.0,0.0,0.0,History,,,0.0
202502-018,NFLX,CLOSED,2025-02-25 09:30,2025-02-27 16:00,32.0,977.13,964.0,31268.16,-420.16,0.0,-1.343731131,History,Imported,0.0,0.0,0.0,History,,,0.0
202502-019,SPOT,CLOSED,2025-02-26 09:30,2025-02-27 16:00,52.0,605.43,592.25,31482.36,-685.36,0.0,-2.176965132,History,Imported,0.0,0.0,0.0,History,,,0.0
202502-020,NET,CLOSED,2025-02-28 09:30,2025-03-03 16:00,105.0,143.32,142.79,15048.6,-55.65,0.0,-0.369801842,History,Imported,0.0,0.0,0.0,History,,,0.0
202502-021,NFLX,CLOSED,2025-02-28 09:30,2025-03-03 16:00,30.0,975.79,968.76,29273.7,-210.9,0.0,-0.720441898,History,Imported,0.0,0.0,0.0,History,,,0.0
202502-022,TSLA,CLOSED,2025-02-28 09:30,2025-03-03 16:00,93.0,291.21,281.33,27082.53,-918.84,0.0,-3.392740634,History,Imported,0.0,0.0,0.0,History,,,0.0
202502-023,TQQQ,CLOSED,2025-02-28 09:30,2025-03-03 16:00,684.0,71.56,70.0,48947.04,-1067.04,0.0,-2.179988821,History,Imported,0.0,0.0,0.0,History,,,0.0
202503-001,PLTR,CLOSED,2025-03-03 09:30,2025-03-03 16:00,340.0,88.96,83.16,30246.4,-1972.0,0.0,-6.519784173,History,Imported,0.0,0.0,0.0,History,,,0.0
202503-002,TQQQ,CLOSED,2025-03-19 09:30,2025-03-20 16:00,243.0,61.91,61.06,15044.13,-206.55,0.0,-1.372960749,History,Imported,0.0,0.0,0.0,History,,,0.0
202503-003,DASH,CLOSED,2025-03-19 09:30,2025-03-20 16:00,80.0,190.52,191.2,15241.6,54.4,0.0,0.356917909,History,Imported,0.0,0.0,0.0,History,,,0.0
202503-004,TQQQ,CLOSED,2025-03-24 09:30,2025-03-26 16:00,240.0,65.21,64.44,15650.4,-184.8,0.0,-1.180800491,History,Imported,0.0,0.0,0.0,History,,,0.0
202503-005,PLTR,CLOSED,2025-03-24 09:30,2025-03-28 16:00,377.0,94.41,90.54,35592.57,-1458.99,0.0,-4.09914204,History,Imported,0.0,0.0,0.0,History,,,0.0
202503-006,UPRO,CLOSED,2025-03-24 09:30,2025-03-28 16:00,239.0,79.87,80.31,19088.93,105.16,0.0,0.550895205,History,Imported,0.0,0.0,0.0,History,,,0.0
202503-007,DOCS,CLOSED,2025-03-25 09:30,2025-03-26 16:00,225.0,67.19,64.21,15117.75,-670.5,0.0,-4.435183807,History,Imported,0.0,0.0,0.0,History,,,0.0
202503-008,SPOT,CLOSED,2025-03-27 09:30,2025-03-28 16:00,27.0,582.33,584.79,15722.91,66.42,0.0,0.422440884,History,Imported,0.0,0.0,0.0,History,,,0.0
202504-001,TQQQ,CLOSED,2025-04-11 09:30,2025-04-16 16:00,78.0,48.51,47.06,3783.78,-113.1,0.0,-2.989074418,History,Imported,0.0,0.0,0.0,History,,,0.0
202504-002,QQQ,CLOSED,2025-04-11 09:30,2025-04-15 16:00,33.0,454.21,460.81,14988.93,217.8,0.0,1.453072367,History,Imported,0.0,0.0,0.0,History,,,0.0
202504-003,HOOD,CLOSED,2025-04-11 09:30,2025-04-16 16:00,327.0,43.6,41.51,14257.2,-683.43,0.0,-4.793577982,History,Imported,0.0,0.0,0.0,History,,,0.0
202504-004,PLTR,CLOSED,2025-04-11 09:30,2025-04-16 16:00,225.0,95.6,92.53,21510.0,-690.75,0.0,-3.211297071,History,Imported,0.0,0.0,0.0,History,,,0.0
202504-005,TQQQ,CLOSED,2025-04-22 09:30,2025-07-11 16:00,1423.0,64.61,74.38,91940.03,13902.71,0.0,15.12149822,History,Imported,0.0,0.0,0.0,History,,,0.0
202504-006,SPOT,CLOSED,2025-04-23 09:30,2025-04-29 16:00,25.0,607.49,558.3,15187.25,-1229.75,0.0,-8.09725263,History,Imported,0.0,0.0,0.0,History,,,0.0
202504-007,DASH,CLOSED,2025-04-23 09:30,2025-05-07 16:00,81.0,186.11,184.55,15074.91,-126.36,0.0,-0.838213959,History,Imported,0.0,0.0,0.0,History,,,0.0
202504-008,HOOD,CLOSED,2025-04-23 09:30,2025-11-07 16:00,3045.0,84.29,101.1,256663.05,51186.45,0.0,19.94305374,History,Imported,0.0,0.0,0.0,History,,,0.0
202504-009,PLTR,CLOSED,2025-04-23 09:30,2025-09-04 16:00,1100.0,134.96,147.22,148456.0,13486.0,0.0,9.084173088,History,Imported,0.0,0.0,0.0,History,,,0.0
202504-010,TSLA,CLOSED,2025-04-28 09:30,2025-04-29 16:00,26.0,294.34,280.9,7652.84,-349.44,0.0,-4.566147992,History,Imported,0.0,0.0,0.0,History,,,0.0
202504-011,SPOT,CLOSED,2025-04-29 09:30,2025-07-18 16:00,107.0,637.99,669.23,68264.93,3342.68,0.0,4.896628474,History,Imported,0.0,0.0,0.0,History,,,0.0
202504-012,TQQQ,CLOSED,2025-04-29 09:30,2025-11-07 16:00,882.0,51.93,96.85,45802.26,39619.44,0.0,86.50105912,sr8 TQQQ Strategy Exit,Imported,0.0,0.0,0.0,br7.1 TQQQ Strategy,,,0.0
202504-013,GEV,CLOSED,2025-04-30 09:30,2025-08-20 16:00,174.0,476.32,598.82,82879.68,21315.0,0.0,25.7180047,History,Imported,0.0,0.0,0.0,History,,,0.0
202504-014,HIMS,CLOSED,2025-04-30 09:30,2025-06-23 16:00,1555.0,49.15,49.14,76428.25,-15.55,0.0,-0.02034588,History,Imported,0.0,0.0,0.0,History,,,0.0
202504-015,BKNG,CLOSED,2025-04-30 09:30,2025-05-09 16:00,3.0,5039.17,5112.61,15117.51,220.32,0.0,1.457382863,History,Imported,0.0,0.0,0.0,History,,,0.0
202505-001,ODD,CLOSED,2025-05-01 09:30,2025-05-13 16:00,351.0,62.91,61.98,22081.41,-326.43,0.0,-1.478302337,History,Imported,0.0,0.0,0.0,History,,,0.0
202505-002,RBRK,CLOSED,2025-05-05 09:30,2025-06-10 16:00,354.0,83.83,90.27,29675.82,2279.76,0.0,7.682214005,History,Imported,0.0,0.0,0.0,History,,,0.0
202505-003,FETH,CLOSED,2025-05-08 09:30,2025-05-14 16:00,334.0,22.32,26.15,7454.88,1279.22,0.0,17.15949821,History,Imported,0.0,0.0,0.0,History,,,0.0
202505-004,TSLA,CLOSED,2025-05-09 09:30,2025-06-05 16:00,93.0,313.22,314.27,29129.46,97.65,0.0,0.335227636,History,Imported,0.0,0.0,0.0,History,,,0.0
202505-005,GDX,CLOSED,2025-05-09 09:30,2025-05-12 16:00,657.0,50.17,47.78,32961.69,-1570.23,0.0,-4.76380307,History,Imported,0.0,0.0,0.0,History,,,0.0
202505-006,RBLX,CLOSED,2025-05-12 09:30,2025-05-20 16:00,336.0,74.3,81.16,24964.8,2304.96,0.0,9.232839838,History,Imported,0.0,0.0,0.0,History,,,0.0
202505-007,CRWV,CLOSED,2025-05-12 09:30,2025-07-29 16:00,900.0,111.86,133.33,100674.0,19323.0,0.0,19.1936349,History,Imported,0.0,0.0,0.0,History,,,0.0
202505-008,UBER,CLOSED,2025-05-12 09:30,2025-05-20 16:00,315.0,86.68,91.46,27304.2,1505.7,0.0,5.514536225,History,Imported,0.0,0.0,0.0,History,,,0.0
202505-009,NVDA,CLOSED,2025-05-13 09:30,2025-08-20 16:00,500.0,142.72,171.78,71360.0,14530.0,0.0,20.36154709,History,Imported,0.0,0.0,0.0,History,,,0.0
202505-010,NFLX,CLOSED,2025-05-14 09:30,2025-05-23 16:00,25.0,1154.04,1185.73,28851.0,792.25,0.0,2.746005338,History,Imported,0.0,0.0,0.0,History,,,0.0
202505-011,BIRK,CLOSED,2025-05-16 09:30,2025-05-16 16:00,327.0,58.07,56.9,18988.89,-382.59,0.0,-2.014809712,History,Imported,0.0,0.0,0.0,History,,,0.0
202505-012,BROS,CLOSED,2025-05-16 09:30,2025-05-19 16:00,393.0,72.86,73.15,28633.98,113.97,0.0,0.398023607,History,Imported,0.0,0.0,0.0,History,,,0.0
202505-013,APP,CLOSED,2025-05-19 09:30,2025-05-20 16:00,54.0,372.64,368.51,20122.56,-223.02,0.0,-1.108308287,History,Imported,0.0,0.0,0.0,History,,,0.0
202505-014,DUOL,CLOSED,2025-05-20 09:30,2025-05-20 16:00,15.0,526.61,521.4,7899.15,-78.15,0.0,-0.989346955,History,Imported,0.0,0.0,0.0,History,,,0.0
202505-015,META,CLOSED,2025-05-21 09:30,2025-05-21 16:00,63.0,644.81,633.29,40623.03,-725.76,0.0,-1.786572789,History,Imported,0.0,0.0,0.0,History,,,0.0
202505-016,TOST,CLOSED,2025-05-22 09:30,2025-05-23 16:00,699.0,42.82,42.56,29931.18,-181.74,0.0,-0.607192901,History,Imported,0.0,0.0,0.0,History,,,0.0
202505-017,IBIT,CLOSED,2025-05-22 09:30,2025-05-23 16:00,150.0,62.5,61.63,9375.0,-130.5,0.0,-1.392,History,Imported,0.0,0.0,0.0,History,,,0.0
202505-018,SE,CLOSED,2025-05-23 09:30,2025-05-29 16:00,125.0,165.03,160.78,20628.75,-531.25,0.0,-2.575289341,History,Imported,0.0,0.0,0.0,History,,,0.0
202505-019,OKLO,CLOSED,2025-05-27 09:30,2025-05-29 16:00,768.0,52.72,52.27,40488.96,-345.6,0.0,-0.853566009,History,Imported,0.0,0.0,0.0,History,,,0.0
202505-020,AS,CLOSED,2025-05-27 09:30,2025-05-29 16:00,525.0,38.29,36.73,20102.25,-819.0,0.0,-4.074170802,History,Imported,0.0,0.0,0.0,History,,,0.0
202505-021,LTBR,CLOSED,2025-05-28 09:30,2025-05-28 16:00,500.0,17.32,16.8,8660.0,-260.0,0.0,-3.002309469,History,Imported,0.0,0.0,0.0,History,,,0.0
202505-022,DUOL,CLOSED,2025-05-30 09:30,2025-06-09 16:00,81.0,504.35,499.14,40852.35,-422.01,0.0,-1.033012789,History,Imported,0.0,0.0,0.0,History,,,0.0
202506-001,ETOR,CLOSED,2025-06-05 09:30,2025-06-05 16:00,348.0,69.5,63.38,24186.0,-2129.76,0.0,-8.805755396,History,Imported,0.0,0.0,0.0,History,,,0.0
202506-002,NBIS,CLOSED,2025-06-05 09:30,2025-06-20 16:00,466.0,48.15,48.09,22437.9,-27.96,0.0,-0.124610592,History,Imported,0.0,0.0,0.0,History,,,0.0
202506-003,VIK,CLOSED,2025-06-06 09:30,2025-06-09 16:00,452.0,48.59,48.54,21962.68,-22.6,0.0,-0.102901832,History,Imported,0.0,0.0,0.0,History,,,0.0
202506-004,ETOR,CLOSED,2025-06-09 09:30,2025-06-11 16:00,126.0,69.33,65.0,8735.58,-545.58,0.0,-6.245492572,History,Imported,0.0,0.0,0.0,History,,,0.0
202506-005,OKLO,CLOSED,2025-06-09 09:30,2025-06-20 16:00,585.0,57.75,57.87,33783.75,70.2,0.0,0.207792208,History,Imported,0.0,0.0,0.0,History,,,0.0
202506-006,AMZN,CLOSED,2025-06-09 09:30,2025-06-11 16:00,160.0,216.48,214.59,34636.8,-302.4,0.0,-0.873059867,History,Imported,0.0,0.0,0.0,History,,,0.0
202506-007,NRG,CLOSED,2025-06-11 09:30,2025-06-17 16:00,159.0,151.1,151.91,24024.9,128.79,0.0,0.536068829,History,Imported,0.0,0.0,0.0,History,,,0.0
202506-008,SHOP,CLOSED,2025-06-11 09:30,2025-06-12 16:00,215.0,112.69,109.77,24228.35,-627.8,0.0,-2.591179342,History,Imported,0.0,0.0,0.0,History,,,0.0
202506-009,BROS,CLOSED,2025-06-23 09:30,2025-06-26 16:00,675.0,68.8,66.48,46440.0,-1566.0,0.0,-3.372093023,History,Imported,0.0,0.0,0.0,History,,,0.0
202506-010,RBRK,CLOSED,2025-06-23 09:30,2025-06-24 16:00,390.0,89.29,89.16,34823.1,-50.7,0.0,-0.145593012,History,Imported,0.0,0.0,0.0,History,,,0.0
202506-011,NET,CLOSED,2025-06-23 09:30,2025-07-10 16:00,235.0,183.88,184.45,43211.8,133.95,0.0,0.309984773,History,Imported,0.0,0.0,0.0,History,,,0.0
202506-012,CRCL,CLOSED,2025-06-26 09:30,2025-06-27 16:00,90.0,209.33,202.81,18839.7,-586.8,0.0,-3.114699279,History,Imported,0.0,0.0,0.0,History,,,0.0
202506-013,CHYM,CLOSED,2025-06-30 09:30,2025-07-02 16:00,420.0,33.34,31.25,14002.8,-877.8,0.0,-6.268746251,History,Imported,0.0,0.0,0.0,History,,,0.0
202507-001,AMD,CLOSED,2025-07-01 09:30,2025-08-20 16:00,653.0,157.88,168.64,103095.64,7026.28,0.0,6.815302762,History,Imported,0.0,0.0,0.0,History,,,0.0
202507-002,CRDO,CLOSED,2025-07-03 09:30,2025-07-18 16:00,542.0,93.06,91.2,50438.52,-1008.12,0.0,-1.998710509,History,Imported,0.0,0.0,0.0,History,,,0.0
202507-003,SHOP,CLOSED,2025-07-03 09:30,2025-07-08 16:00,246.0,117.01,111.9,28784.46,-1257.06,0.0,-4.367148107,History,Imported,0.0,0.0,0.0,History,,,0.0
202507-004,CRCL,CLOSED,2025-07-08 09:30,2025-07-11 16:00,85.0,196.32,195.12,16687.2,-102.0,0.0,-0.611246944,History,Imported,0.0,0.0,0.0,History,,,0.0
202507-005,ARKK,CLOSED,2025-07-09 09:30,2025-07-11 16:00,210.0,72.22,72.71,15166.2,102.9,0.0,0.678482415,History,Imported,0.0,0.0,0.0,History,,,0.0
202507-006,AMZN,CLOSED,2025-07-10 09:30,2025-07-30 16:00,100.0,20.76,24.73,2076.0,397.0,0.0,19.12331407,History,Imported,0.0,0.0,0.0,History,,,0.0
202507-007,GOOGL,CLOSED,2025-07-10 09:30,2025-08-11 16:00,180.0,189.02,200.65,34023.6,2093.4,0.0,6.152788065,History,Imported,0.0,0.0,0.0,History,,,0.0
202507-008,FNGO,CLOSED,2025-07-14 09:30,2025-07-16 16:00,425.0,108.74,108.23,46214.5,-216.75,0.0,-0.469008644,History,Imported,0.0,0.0,0.0,History,,,0.0
202507-009,TQQQ,CLOSED,2025-07-16 09:30,2025-07-22 16:00,563.0,85.65,86.53,48220.95,495.44,0.0,1.027437245,History,Imported,0.0,0.0,0.0,History,,,0.0
202507-010,ETHU,CLOSED,2025-07-17 09:30,2025-08-04 16:00,134.0,112.42,112.65,15064.28,30.82,0.0,0.204589931,History,Imported,0.0,0.0,0.0,History,,,0.0
202507-011,CRDO,CLOSED,2025-07-18 09:30,2025-07-21 16:00,542.0,92.26,90.55,50004.92,-926.82,0.0,-1.85345762,History,Imported,0.0,0.0,0.0,History,,,0.0
202507-012,SNOW,CLOSED,2025-07-18 09:30,2025-07-22 16:00,231.0,216.32,214.75,49969.92,-362.67,0.0,-0.725776627,History,Imported,0.0,0.0,0.0,History,,,0.0
202507-013,TSLA,CLOSED,2025-07-18 09:30,2025-07-21 16:00,100.0,329.08,328.42,32908.0,-66.0,0.0,-0.200559135,History,Imported,0.0,0.0,0.0,History,,,0.0
202507-014,IREN,CLOSED,2025-07-18 09:30,2025-07-31 16:00,1000.0,18.68,17.85,18680.0,-830.0,0.0,-4.443254818,History,Imported,0.0,0.0,0.0,History,,,0.0
202507-015,COIN,CLOSED,2025-07-21 09:30,2025-07-29 16:00,45.0,404.03,371.41,18181.35,-1467.9,0.0,-8.073657897,History,Imported,0.0,0.0,0.0,History,,,0.0
202507-016,NFLX,CLOSED,2025-07-21 09:30,2025-07-22 16:00,13.0,1234.42,1193.51,16047.46,-531.83,0.0,-3.31410703,History,Imported,0.0,0.0,0.0,History,,,0.0
202507-017,TSLA,CLOSED,2025-07-21 09:30,2025-07-30 16:00,4.0,1406.68,1316.75,5626.72,-359.72,0.0,-6.393067364,History,Imported,0.0,0.0,0.0,History,,,0.0
202507-018,SOFI,CLOSED,2025-07-22 09:30,2025-10-03 16:00,2382.0,24.81,25.33,59097.42,1238.64,0.0,2.095929061,History,Imported,0.0,0.0,0.0,History,,,0.0
202507-019,CRDO,CLOSED,2025-07-23 09:30,2025-08-13 16:00,443.0,99.74,118.31,44184.82,8226.51,0.0,18.61840786,History,Imported,0.0,0.0,0.0,History,,,0.0
202507-020,CRWV,CLOSED,2025-07-29 09:30,2025-07-29 16:00,304.0,111.17,109.05,33795.68,-644.48,0.0,-1.906989296,History,Imported,0.0,0.0,0.0,History,,,0.0
202507-021,CRWV,CLOSED,2025-07-31 09:30,2025-08-01 16:00,147.0,113.97,103.73,16753.59,-1505.28,0.0,-8.984820567,History,Imported,0.0,0.0,0.0,History,,,0.0
202507-022,COIN,CLOSED,2025-07-31 09:30,2025-08-01 16:00,50.0,377.97,322.11,18898.5,-2793.0,0.0,-14.77895071,History,Imported,0.0,0.0,0.0,History,,,0.0
202507-023,TQQQ,CLOSED,2025-07-31 09:30,2025-08-11 16:00,181.0,86.53,92.23,15661.93,1031.7,0.0,6.587310759,History,Imported,0.0,0.0,0.0,History,,,0.0
202508-001,ARKK,CLOSED,2025-08-01 09:30,2025-08-11 16:00,425.0,71.41,74.5,30349.25,1313.25,0.0,4.327125053,History,Imported,0.0,0.0,0.0,History,,,0.0
202508-002,META,CLOSED,2025-08-01 09:30,2025-08-11 16:00,47.0,761.91,768.19,35809.77,295.16,0.0,0.824244333,History,Imported,0.0,0.0,0.0,History,,,0.0
202508-003,NBIS,CLOSED,2025-08-01 09:30,2025-10-16 16:00,430.0,100.77,125.9,43331.1,10805.9,0.0,24.93797757,History,Imported,0.0,0.0,0.0,History,,,0.0
202508-004,NET,CLOSED,2025-08-04 09:30,2025-08-08 16:00,154.0,206.93,205.67,31867.22,-194.04,0.0,-0.608901561,History,Imported,0.0,0.0,0.0,History,,,0.0
202508-005,ZETA,CLOSED,2025-08-07 09:30,2025-08-07 16:00,750.0,20.58,20.09,15435.0,-367.5,0.0,-2.380952381,History,Imported,0.0,0.0,0.0,History,,,0.0
202508-006,CRWV,CLOSED,2025-08-07 09:30,2025-08-13 16:00,382.0,127.31,124.33,48632.42,-1138.36,0.0,-2.340743068,History,Imported,0.0,0.0,0.0,History,,,0.0
202508-007,RKLB,CLOSED,2025-08-08 09:30,2025-08-08 16:00,476.0,46.54,45.23,22153.04,-623.56,0.0,-2.814782982,History,Imported,0.0,0.0,0.0,History,,,0.0
202508-008,SHOP,CLOSED,2025-08-13 09:30,2025-08-15 16:00,381.0,150.34,142.19,57279.54,-3105.15,0.0,-5.42104563,History,Imported,0.0,0.0,0.0,History,,,0.0
202508-009,APP,CLOSED,2025-08-14 09:30,2025-08-20 16:00,128.0,435.57,407.02,55752.96,-3654.4,0.0,-6.554629566,History,Imported,0.0,0.0,0.0,History,,,0.0
202508-010,RBLX,CLOSED,2025-08-14 09:30,2025-08-20 16:00,526.0,124.25,115.52,65355.5,-4591.98,0.0,-7.026156942,History,Imported,0.0,0.0,0.0,History,,,0.0
202508-011,NFLX,CLOSED,2025-08-14 09:30,2025-08-20 16:00,45.0,1239.35,1209.75,55770.75,-1332.0,0.0,-2.388348731,History,Imported,0.0,0.0,0.0,History,,,0.0
202508-012,CRWV,CLOSED,2025-08-15 09:30,2025-08-28 16:00,341.0,101.43,98.21,34587.63,-1098.02,0.0,-3.174603175,History,Imported,0.0,0.0,0.0,History,,,0.0
202508-013,TQQQ,CLOSED,2025-08-20 09:30,2025-08-20 16:00,400.0,86.44,85.1,34576.0,-536.0,0.0,-1.550208237,History,Imported,0.0,0.0,0.0,History,,,0.0
202508-014,ALAB,CLOSED,2025-08-20 09:30,2025-09-02 16:00,242.0,173.73,169.93,42042.66,-919.6,0.0,-2.187302135,History,Imported,0.0,0.0,0.0,History,,,0.0
202508-015,RBLX,CLOSED,2025-08-20 09:30,2025-09-04 16:00,422.0,121.46,129.08,51256.12,3215.64,0.0,6.273670344,History,Imported,0.0,0.0,0.0,History,,,0.0
202508-016,GEV,CLOSED,2025-08-21 09:30,2025-09-02 16:00,75.0,614.34,580.65,46075.5,-2526.75,0.0,-5.483933978,History,Imported,0.0,0.0,0.0,History,,,0.0
202508-017,APP,CLOSED,2025-08-21 09:30,2025-10-06 16:00,158.0,498.07,597.02,78695.06,15634.1,0.0,19.86668541,History,Imported,0.0,0.0,0.0,History,,,0.0
202508-018,TQQQ,CLOSED,2025-08-22 09:30,2025-09-02 16:00,510.0,90.71,84.6,46262.1,-3116.1,0.0,-6.735751295,History,Imported,0.0,0.0,0.0,History,,,0.0
202508-019,UBER,CLOSED,2025-08-25 09:30,2025-08-28 16:00,320.0,97.17,94.13,31094.4,-972.8,0.0,-3.128537614,History,Imported,0.0,0.0,0.0,History,,,0.0
202508-020,MGNI,CLOSED,2025-08-25 09:30,2025-09-02 16:00,1817.0,25.53,24.41,46388.01,-2035.04,0.0,-4.386995691,History,Imported,0.0,0.0,0.0,History,,,0.0
202508-021,NVDA,CLOSED,2025-08-25 09:30,2025-09-02 16:00,252.0,181.78,170.39,45808.56,-2870.28,0.0,-6.265815821,History,Imported,0.0,0.0,0.0,History,,,0.0
202508-022,NBIS,CLOSED,2025-08-25 09:30,2025-09-02 16:00,450.0,69.56,65.79,31302.0,-1696.5,0.0,-5.419781484,History,Imported,0.0,0.0,0.0,History,,,0.0
202508-023,CCL,CLOSED,2025-08-26 09:30,2025-09-02 16:00,990.0,31.27,30.6,30957.3,-663.3,0.0,-2.142628718,History,Imported,0.0,0.0,0.0,History,,,0.0
202508-024,TSLA,CLOSED,2025-08-26 09:30,2025-08-29 16:00,89.0,348.32,341.15,31000.48,-638.13,0.0,-2.058451998,History,Imported,0.0,0.0,0.0,History,,,0.0
202508-025,SHOP,CLOSED,2025-08-27 09:30,2025-09-02 16:00,223.0,139.03,136.81,31003.69,-495.06,0.0,-1.596777674,History,Imported,0.0,0.0,0.0,History,,,0.0
202508-026,AMD,CLOSED,2025-08-27 09:30,2025-09-02 16:00,280.0,169.1,160.65,47348.0,-2366.0,0.0,-4.99704317,History,Imported,0.0,0.0,0.0,History,,,0.0
202508-027,FIX,CLOSED,2025-08-29 09:30,2025-08-29 16:00,44.0,727.16,707.83,31995.04,-850.52,0.0,-2.658287034,History,Imported,0.0,0.0,0.0,History,,,0.0
202509-001,DHI,CLOSED,2025-09-02 09:30,2025-09-10 16:00,176.0,170.71,174.94,30044.96,744.48,0.0,2.477886474,History,Imported,0.0,0.0,0.0,History,,,0.0
202509-002,MGNI,CLOSED,2025-09-02 09:30,2025-09-09 16:00,1670.0,25.5,24.64,42585.0,-1436.2,0.0,-3.37254902,History,Imported,0.0,0.0,0.0,History,,,0.0
202509-003,NVDA,CLOSED,2025-09-02 09:30,2025-09-02 16:00,88.0,171.52,169.14,15093.76,-209.44,0.0,-1.387593284,History,Imported,0.0,0.0,0.0,History,,,0.0
202509-004,RKLB,CLOSED,2025-09-02 09:30,2025-09-04 16:00,650.0,49.51,43.46,32181.5,-3932.5,0.0,-12.21975359,History,Imported,0.0,0.0,0.0,History,,,0.0
202509-005,DASH,CLOSED,2025-09-03 09:30,2025-09-04 16:00,120.0,251.36,247.16,30163.2,-504.0,0.0,-1.670910248,History,Imported,0.0,0.0,0.0,History,,,0.0
202509-006,ALAB,CLOSED,2025-09-03 09:30,2025-10-13 16:00,453.0,200.13,203.74,90658.89,1635.33,0.0,1.803827512,History,Imported,0.0,0.0,0.0,History,,,0.0
202509-007,ANET,CLOSED,2025-09-03 09:30,2025-09-08 16:00,220.0,137.89,140.12,30335.8,490.6,0.0,1.617231126,History,Imported,0.0,0.0,0.0,History,,,0.0
202509-008,RBLX,CLOSED,2025-09-04 09:30,2025-09-25 16:00,344.0,130.53,130.14,44902.32,-134.16,0.0,-0.298781889,History,Imported,0.0,0.0,0.0,History,,,0.0
202509-009,HOOD,CLOSED,2025-09-04 09:30,2025-09-09 16:00,198.0,145.99,144.19,28906.02,-356.4,0.0,-1.232961162,History,Imported,0.0,0.0,0.0,History,,,0.0
202509-010,PLTR,CLOSED,2025-09-04 09:30,2025-10-20 16:00,762.0,166.24,171.36,126674.88,3901.44,0.0,3.079884504,History,Imported,0.0,0.0,0.0,History,,,0.0
202509-011,XHB,CLOSED,2025-09-04 09:30,2025-09-08 16:00,122.0,115.02,118.52,14032.44,427.0,0.0,3.042949052,History,Imported,0.0,0.0,0.0,History,,,0.0
202509-012,SHOP,CLOSED,2025-09-05 09:30,2025-09-09 16:00,300.0,93.79,93.67,28137.0,-36.0,0.0,-0.12794541,History,Imported,0.0,0.0,0.0,History,,,0.0
202509-013,UPRO,CLOSED,2025-09-05 09:30,2025-09-09 16:00,280.0,104.0,103.66,29120.0,-95.2,0.0,-0.326923077,History,Imported,0.0,0.0,0.0,History,,,0.0
202509-014,TNA,CLOSED,2025-09-05 09:30,2025-09-09 16:00,346.0,42.57,42.53,14729.22,-13.84,0.0,-0.093962885,History,Imported,0.0,0.0,0.0,History,,,0.0
202509-015,CDNS,CLOSED,2025-09-08 09:30,2025-09-10 16:00,162.0,360.1,349.0,58336.2,-1798.2,0.0,-3.08247709,History,Imported,0.0,0.0,0.0,History,,,0.0
202509-016,DASH,CLOSED,2025-09-09 09:30,2025-10-16 16:00,200.0,260.88,265.48,52176.0,920.0,0.0,1.763262803,History,Imported,0.0,0.0,0.0,History,,,0.0
202509-017,RDDT,CLOSED,2025-09-10 09:30,2025-09-19 16:00,186.0,258.09,259.7,48004.74,299.46,0.0,0.623813398,History,Imported,0.0,0.0,0.0,History,,,0.0
202509-018,TQQQ,CLOSED,2025-09-10 09:30,2025-09-24 16:00,160.0,93.85,100.72,15016.0,1099.2,0.0,7.320191795,History,Imported,0.0,0.0,0.0,History,,,0.0
202509-019,CRWV,CLOSED,2025-09-11 09:30,2025-10-21 16:00,869.0,127.85,126.8,111101.65,-912.45,0.0,-0.821274932,History,Imported,0.0,0.0,0.0,History,,,0.0
202509-020,LEU,CLOSED,2025-09-11 09:30,2025-10-17 16:00,158.0,247.62,333.16,39123.96,13515.32,0.0,34.54486714,History,Imported,0.0,0.0,0.0,History,,,0.0
202509-021,TSLA,CLOSED,2025-09-12 09:30,2025-10-22 16:00,160.0,402.56,431.95,64409.6,4702.4,0.0,7.30077504,History,Imported,0.0,0.0,0.0,History,,,0.0
202509-022,MP,CLOSED,2025-09-12 09:30,2025-09-29 16:00,476.0,63.19,66.81,30078.44,1723.12,0.0,5.72875455,History,Imported,0.0,0.0,0.0,History,,,0.0
202509-023,GEV,CLOSED,2025-09-12 09:30,2025-09-19 16:00,47.0,637.22,607.33,29949.34,-1404.83,0.0,-4.690687675,History,Imported,0.0,0.0,0.0,History,,,0.0
202509-024,NAIL,CLOSED,2025-09-12 09:30,2025-09-12 16:00,165.0,91.29,88.84,15062.85,-404.25,0.0,-2.683755066,History,Imported,0.0,0.0,0.0,History,,,0.0
202509-025,NVDA,CLOSED,2025-09-12 09:30,2025-09-17 16:00,169.0,177.8,171.15,30048.2,-1123.85,0.0,-3.74015748,History,Imported,0.0,0.0,0.0,History,,,0.0
202509-026,ETHA,CLOSED,2025-09-12 09:30,2025-09-17 16:00,856.0,34.85,33.87,29831.6,-838.88,0.0,-2.81205165,History,Imported,0.0,0.0,0.0,History,,,0.0
202509-027,ORCL,CLOSED,2025-09-15 09:30,2025-09-18 16:00,153.0,308.16,295.39,47148.48,-1953.81,0.0,-4.143951194,History,Imported,0.0,0.0,0.0,History,,,0.0
202509-028,OKLO,CLOSED,2025-09-15 09:30,2025-09-30 16:00,370.0,85.86,117.33,31768.2,11643.9,0.0,36.65269043,History,Imported,0.0,0.0,0.0,History,,,0.0
202509-029,DAVE,CLOSED,2025-09-15 09:30,2025-09-25 16:00,135.0,230.0,220.0,31050.0,-1350.0,0.0,-4.347826087,History,Imported,0.0,0.0,0.0,History,,,0.0
202509-030,VST,CLOSED,2025-09-15 09:30,2025-09-19 16:00,150.0,209.7,210.68,31455.0,147.0,0.0,0.467334287,History,Imported,0.0,0.0,0.0,History,,,0.0
202509-031,NBIS,CLOSED,2025-09-18 09:30,2025-09-19 16:00,514.0,95.1,94.26,48881.4,-431.76,0.0,-0.883280757,History,Imported,0.0,0.0,0.0,History,,,0.0
202509-032,AVGO,CLOSED,2025-09-22 09:30,2025-09-29 16:00,100.0,37.45,28.65,3745.0,-880.0,0.0,-23.49799733,History,Imported,0.0,0.0,0.0,History,,,0.0
202509-033,FIG,CLOSED,2025-09-22 09:30,2025-09-23 16:00,606.0,59.03,56.45,35772.18,-1563.48,0.0,-4.370658987,History,Imported,0.0,0.0,0.0,History,,,0.0
202509-034,ORCL,CLOSED,2025-09-22 09:30,2025-09-25 16:00,57.0,318.5,291.17,18154.5,-1557.81,0.0,-8.580847724,History,Imported,0.0,0.0,0.0,History,,,0.0
202509-035,CRCL,CLOSED,2025-09-22 09:30,2025-09-30 16:00,433.0,138.04,135.61,59771.32,-1052.19,0.0,-1.760359316,History,Imported,0.0,0.0,0.0,History,,,0.0
202509-036,BMNR,CLOSED,2025-09-22 09:30,2025-10-16 16:00,908.0,55.97,52.61,50820.76,-3050.88,0.0,-6.003216009,History,Imported,0.0,0.0,0.0,History,,,0.0
202509-037,CRDO,CLOSED,2025-09-24 09:30,2025-09-24 16:00,160.0,151.97,147.6,24315.2,-699.2,0.0,-2.875567546,History,Imported,0.0,0.0,0.0,History,,,0.0
202509-038,CRDO,CLOSED,2025-09-24 09:30,2025-09-25 16:00,250.0,149.9,142.24,37475.0,-1915.0,0.0,-5.110073382,History,Imported,0.0,0.0,0.0,History,,,0.0
202509-039,GRAB,CLOSED,2025-09-25 09:30,2025-09-29 16:00,2250.0,6.22,6.06,13995.0,-360.0,0.0,-2.572347267,History,Imported,0.0,0.0,0.0,History,,,0.0
202509-040,TQQQ,CLOSED,2025-09-26 09:30,2025-09-30 16:00,360.0,100.61,102.47,36219.6,669.6,0.0,1.848722791,History,Imported,0.0,0.0,0.0,History,,,0.0
202509-041,UPRO,CLOSED,2025-09-26 09:30,2025-09-29 16:00,165.0,109.13,110.4,18006.45,209.55,0.0,1.163749656,History,Imported,0.0,0.0,0.0,History,,,0.0
202509-042,BWXT,CLOSED,2025-09-26 09:30,2025-09-29 16:00,190.0,180.01,182.7,34201.9,511.1,0.0,1.494361424,History,Imported,0.0,0.0,0.0,History,,,0.0
202509-043,RBLX,CLOSED,2025-09-30 09:30,2025-09-30 16:00,180.0,139.2,135.68,25056.0,-633.6,0.0,-2.528735632,History,Imported,0.0,0.0,0.0,History,,,0.0
202509-044,NVDA,CLOSED,2025-09-30 09:30,2025-10-14 16:00,302.0,186.03,182.02,56181.06,-1211.02,0.0,-2.155566307,History,Imported,0.0,0.0,0.0,History,,,0.0
202509-045,RBLX,CLOSED,2025-09-30 09:30,2025-10-03 16:00,402.0,136.8,125.7,54993.6,-4462.2,0.0,-8.114035088,History,Imported,0.0,0.0,0.0,History,,,0.0
202510-001,APP,CLOSED,2025-10-06 09:30,2025-10-10 16:00,87.0,611.95,590.86,53239.65,-1834.83,0.0,-3.446359997,History,Imported,0.0,0.0,0.0,History,,,0.0
202510-002,FIG,CLOSED,2025-10-07 09:30,2025-10-16 16:00,873.0,62.85,58.89,54868.05,-3457.08,0.0,-6.30071599,History,Imported,0.0,0.0,0.0,History,,,0.0
202510-003,FIG,CLOSED,2025-10-07 09:30,2025-10-17 16:00,311.0,60.99,59.55,18967.89,-447.84,0.0,-2.361042794,History,Imported,0.0,0.0,0.0,History,,,0.0
202510-004,CRCL,CLOSED,2025-10-08 09:30,2025-10-10 16:00,180.0,151.51,142.4,27271.8,-1639.8,0.0,-6.012804435,History,Imported,0.0,0.0,0.0,History,,,0.0
202510-005,FIGR,CLOSED,2025-10-08 09:30,2025-10-10 16:00,605.0,46.43,43.91,28090.15,-1524.6,0.0,-5.427525307,History,Imported,0.0,0.0,0.0,History,,,0.0
202510-006,KLAR,CLOSED,2025-10-09 09:30,2025-10-09 16:00,440.0,44.22,42.53,19456.8,-743.6,0.0,-3.82180009,History,Imported,0.0,0.0,0.0,History,,,0.0
202510-007,GEV,CLOSED,2025-10-13 09:30,2025-10-16 16:00,84.0,643.41,612.3,54046.44,-2613.24,0.0,-4.835175083,History,Imported,0.0,0.0,0.0,History,,,0.0
202510-008,CRDO,CLOSED,2025-10-13 09:30,2025-10-14 16:00,237.0,149.38,139.83,35403.06,-2263.35,0.0,-6.393091445,History,Imported,0.0,0.0,0.0,History,,,0.0
202510-009,TQQQ,CLOSED,2025-10-13 09:30,2025-11-07 16:00,550.0,103.29,104.46,56809.5,643.5,0.0,1.132733082,History,Imported,0.0,0.0,0.0,History,,,0.0
202510-010,CRCL,CLOSED,2025-10-13 09:30,2025-10-14 16:00,250.0,140.04,132.21,35010.0,-1957.5,0.0,-5.59125964,History,Imported,0.0,0.0,0.0,History,,,0.0
202510-011,RBLX,CLOSED,2025-10-14 09:30,2025-10-17 16:00,367.0,133.65,134.21,49049.55,205.52,0.0,0.419004863,History,Imported,0.0,0.0,0.0,History,,,0.0
202510-012,APP,CLOSED,2025-10-14 09:30,2025-10-20 16:00,60.0,591.76,559.3,35505.6,-1947.6,0.0,-5.485331891,History,Imported,0.0,0.0,0.0,History,,,0.0
202510-013,RKLB,CLOSED,2025-10-14 09:30,2025-10-16 16:00,260.0,65.72,67.47,17087.2,455.0,0.0,2.662811929,History,Imported,0.0,0.0,0.0,History,,,0.0
202510-014,GRAB,CLOSED,2025-10-14 09:30,2025-10-15 16:00,6000.0,6.01,5.91,36060.0,-600.0,0.0,-1.663893511,History,Imported,0.0,0.0,0.0,History,,,0.0
202510-015,PLTR,CLOSED,2025-10-20 09:30,2025-10-22 16:00,275.0,173.89,176.56,47819.75,734.25,0.0,1.535453448,History,Imported,0.0,0.0,0.0,History,,,0.0
202510-016,CRDO,CLOSED,2025-10-20 09:30,2025-10-21 16:00,219.0,150.68,145.06,32998.92,-1230.78,0.0,-3.729758428,History,Imported,0.0,0.0,0.0,History,,,0.0
202510-017,UPRO,CLOSED,2025-10-21 09:30,2025-10-22 16:00,290.0,113.73,111.86,32981.7,-542.3,0.0,-1.644245142,History,Imported,0.0,0.0,0.0,History,,,0.0
202510-018,APP,CLOSED,2025-10-24 09:30,2025-11-05 16:00,52.0,627.05,612.68,32606.6,-747.24,0.0,-2.291683279,sr1 Capital Protection,Imported,0.0,0.0,0.0,br4.3 PB 10w,,,0.0
202510-019,AVAV,CLOSED,2025-10-24 09:30,2025-11-03 16:00,66.0,379.93,367.14,25075.38,-844.14,0.0,-3.366409602,sr1 Capital Protection,Imported,0.0,0.0,0.0,br4.1 PB 21e,,,0.0
202510-020,AMD,CLOSED,2025-10-24 09:30,2025-11-06 16:00,192.0,251.33,242.77,48255.36,-1643.52,0.0,-3.405880715,History,Imported,0.0,0.0,0.0,History,,,0.0
202510-021,LEU,CLOSED,2025-10-24 09:30,2025-10-27 16:00,45.0,364.33,351.0,16394.85,-599.85,0.0,-3.658770895,sr1 Capital Protection,Imported,0.0,0.0,0.0,br4.1 PB 21e,,,0.0
202510-022,PLTR,CLOSED,2025-10-24 09:30,2025-11-05 16:00,346.0,193.4,195.05,66916.4,570.9,0.0,0.853154085,History,Imported,0.0,0.0,0.0,History,,,0.0
202510-023,LIF,CLOSED,2025-10-27 09:30,2025-10-30 16:00,486.0,98.85,96.99,48041.1,-903.96,0.0,-1.881638847,History,Imported,0.0,0.0,0.0,History,,,0.0
202510-024,AVGO,CLOSED,2025-10-27 09:30,2025-11-06 16:00,156.0,364.02,361.03,56787.12,-466.44,0.0,-0.82138344,History,Imported,0.0,0.0,0.0,History,,,0.0
202510-025,NVDA,CLOSED,2025-10-28 09:30,2025-11-06 16:00,180.0,195.95,192.28,35271.0,-660.6,0.0,-1.872926767,History,Imported,0.0,0.0,0.0,History,,,0.0
202510-026,SHOP,CLOSED,2025-10-28 09:30,2025-11-04 16:00,276.0,178.2,173.71,49183.2,-1239.24,0.0,-2.519640853,History,Imported,0.0,0.0,0.0,History,,,0.0
202510-027,MSFT,CLOSED,2025-10-28 09:30,2025-10-31 16:00,35.0,549.5,518.77,19232.5,-1075.55,0.0,-5.592356688,History,Imported,0.0,0.0,0.0,History,,,0.0
202510-028,NET,CLOSED,2025-10-31 09:30,2025-11-06 16:00,211.0,240.31,231.5,50705.41,-1858.91,0.0,-3.666097957,History,Imported,0.0,0.0,0.0,History,,,0.0
202510-029,BE,CLOSED,2025-10-31 09:30,2025-11-07 16:00,169.0,132.81,129.79,22444.89,-510.38,0.0,-2.273925156,History,Imported,0.0,0.0,0.0,History,,,0.0
202510-030,WDC,CLOSED,2025-10-31 09:30,2025-11-07 16:00,110.0,150.01,158.19,16501.1,899.8,0.0,5.452969802,History,Imported,0.0,0.0,0.0,History,,,0.0
202510-031,NBIS,CLOSED,2025-10-31 09:30,2025-11-04 16:00,63.0,129.75,113.62,8174.25,-1016.19,0.0,-12.43159923,History,Imported,0.0,0.0,0.0,History,,,0.0
202510-032,CRWV,CLOSED,2025-10-31 09:30,2025-11-04 16:00,58.0,138.28,119.51,8020.24,-1088.66,0.0,-13.57390801,History,Imported,0.0,0.0,0.0,History,,,0.0
202510-033,SOFI,CLOSED,2025-10-31 09:30,2025-11-06 16:00,529.0,29.78,29.48,15753.62,-158.7,0.0,-1.007387508,History,Imported,0.0,0.0,0.0,History,,,0.0
202511-001,TSLA,CLOSED,2025-11-03 09:30,2025-11-06 16:00,67.0,467.25,451.75,31305.75,-1038.5,0.0,-3.317281969,History,Imported,0.0,0.0,0.0,History,,,0.0
202511-002,SSO,CLOSED,2025-11-05 09:30,2025-11-07 16:00,300.0,114.7,111.51,34410.0,-957.0,0.0,-2.781168265,History,Imported,0.0,0.0,0.0,History,,,0.0
202511-003,CRS,CLOSED,2025-11-05 09:30,2025-11-06 16:00,51.0,316.54,315.96,16143.54,-29.58,0.0,-0.183231187,History,Imported,0.0,0.0,0.0,ns No Setup,,,0.0
202511-004,NET,CLOSED,2025-11-07 09:30,2025-11-12 16:00,130.0,233.32,225.01,30331.6,-1080.3,0.0,-3.561632093,sr1 Capital Protection,Imported,0.0,0.0,0.0,br1.6 Flat Base,,,0.0
202511-005,AMZN,CLOSED,2025-11-07 09:30,2025-11-12 16:00,63.0,243.88,248.62,15364.44,298.62,0.0,1.943578809,sr1 Capital Protection,Imported,0.0,0.0,0.0,br1.3 Cup w/o Handle,,,0.0
202511-006,ITA,CLOSED,2025-11-07 09:30,2025-11-10 16:00,72.0,209.4,211.11,15076.8,123.12,0.0,0.816618911,sr1 Capital Protection,Imported,0.0,0.0,0.0,br4.2 PB 50s,,,0.0
202511-007,AMKR,CLOSED,2025-11-07 09:30,2025-11-13 16:00,848.0,35.13,33.19,29790.24,-1645.12,0.0,-5.522345574,sr1 Capital Protection,Imported,0.0,0.0,0.0,br1.1 Consolidation,,,0.0
202511-008,UPRO,CLOSED,2025-11-07 09:30,2025-11-14 16:00,395.0,114.9,109.75,45385.5,-2034.25,0.0,-4.482158399,sr1 Capital Protection,Imported,0.0,0.0,0.0,br4.2 PB 50s,,,0.0
202511-009,CRWD,CLOSED,2025-11-07 09:30,2025-11-12 16:00,33.0,541.25,548.72,17861.25,246.51,0.0,1.380138568,sr9 Breakout Failure,Imported,0.0,0.0,0.0,br1.2 Cup w Handle,,,0.0
202511-010,HOOD,CLOSED,2025-11-07 09:30,2025-11-13 16:00,230.0,134.68,127.73,30976.4,-1598.5,0.0,-5.16038016,sr1 Capital Protection,Imported,0.0,0.0,0.0,br3.2 Reclaim 50s,,,0.0
202511-011,LLY,CLOSED,2025-11-10 08:41,2025-11-28 08:47,36.0,975.7622222,1080.297,35127.44,3763.252,168.3598828,10.7131405,,,0.0,0.0,0.0,br1.2 Cup w Handle,,,0.0
202511-012,UGL,CLOSED,2025-11-10 09:30,2025-11-14 16:00,300.0,51.26,49.65,15378.0,-483.0,0.0,-3.140850566,sr1 Capital Protection,Imported,0.0,0.0,0.0,br3.1 Reclaim 21e,,,0.0
202511-013,PLTR,CLOSED,2025-11-10 09:30,2025-11-12 16:00,160.0,192.3,182.87,30768.0,-1508.8,0.0,-4.903796152,sr9 Breakout Failure,Imported,0.0,0.0,0.0,br1.2 Cup w Handle,,,0.0
202511-014,TSLA,CLOSED,2025-11-10 09:30,2025-11-12 16:00,70.0,447.99,431.62,31359.3,-1145.9,0.0,-3.654099422,sr1 Capital Protection,Imported,0.0,0.0,0.0,br3.1 Reclaim 21e,,,0.0
202511-015,BE,CLOSED,2025-11-10 09:30,2025-11-10 16:00,105.0,145.43,141.97,15270.15,-363.3,0.0,-2.379151482,sr1 Capital Protection,Imported,0.0,0.0,0.0,br1.1 Consolidation,,,0.0
202511-016,TQQQ,CLOSED,2025-11-10 09:30,2025-11-13 16:00,668.0,111.97,104.91,74795.96,-4716.08,0.0,-6.305260338,sr1 Capital Protection,Imported,0.0,0.0,0.0,br6.1 Gapper,,,0.0
202511-017,APP,CLOSED,2025-11-10 09:30,2025-11-11 16:00,50.0,664.66,602.59,33233.0,-3103.5,0.0,-9.338609214,sr1 Capital Protection,Imported,0.0,0.0,0.0,br3.1 Reclaim 21e,,,0.0
202511-018,AMD,CLOSED,2025-11-10 09:30,2025-11-14 16:00,127.0,250.2,236.1,31775.4,-1790.7,0.0,-5.635491607,sr1 Capital Protection,Imported,0.0,0.0,0.0,br4.1 PB 21e,,,0.0
202511-019,NBIS,CLOSED,2025-11-11 09:30,2025-11-11 16:00,125.0,110.35,100.84,13793.75,-1188.75,0.0,-8.61803353,sr1 Capital Protection,Imported,0.0,0.0,0.0,br4.2 PB 50s,,,0.0
202511-020,NBIS,CLOSED,2025-11-19 09:30,2025-11-19 16:00,95.0,96.0,94.02,9120.0,-188.1,0.0,-2.0625,sr1 Capital Protection,Imported,0.0,0.0,0.0,br1.4 Double Bottom,,,0.0
202511-021,GOOGL,CLOSED,2025-11-19 16:00,2025-11-20 16:00,60.0,292.68,290.88375,17560.8,-107.775,-193.7992676,-0.613724887,sr3 Portfolio Management,Auto-Import,0.0,0.0,0.0,br1.1 Consolidation,,,0.0
202511-022,GEV,CLOSED,2025-11-20 16:00,2025-11-20 16:00,15.0,622.3758,588.295,9335.637,-511.212,0.0,-5.475919854,sr1 Capital Protection,Auto-Import,0.0,0.0,0.0,br3.2 Reclaim 50s,,,0.0
202511-023,NVDA,CLOSED,2025-11-20 16:00,2025-11-20 16:00,50.0,195.208,181.78,9760.4,-671.4,0.0,-6.878816442,sr1 Capital Protection,Auto-Import,0.0,0.0,0.0,br6.1 Gapper,,,0.0
202511-024,WDC,CLOSED,2025-11-20 16:00,2025-11-20 16:00,58.0,159.77,147.9,9266.66,-688.46,0.0,-7.429429805,sr1 Capital Protection,Auto-Import,0.0,0.0,0.0,br4.1 PB 21e,,,0.0
202511-025,NBIS,CLOSED,2025-11-20 16:00,2025-11-20 16:00,92.0,100.615,92.728,9256.58,-725.604,0.0,-7.838791433,sr1 Capital Protection,Auto-Import,0.0,0.0,0.0,br1.4 Double Bottom,,,0.0
202511-026,AMD,CLOSED,2025-11-20 16:00,2025-11-20 16:00,40.0,231.24,211.71,9249.6,-781.2,0.0,-8.445770628,sr1 Capital Protection,Auto-Import,0.0,0.0,0.0,ns No Setup,,,0.0
202511-027,HOOD,CLOSED,2025-11-20 16:00,2025-11-20 16:00,76.0,121.93,113.008,9266.68,-678.072,0.0,-7.317313212,sr1 Capital Protection,Auto-Import,0.0,0.0,0.0,ns No Setup,,,0.0
202511-028,MEDP,CLOSED,2025-11-24 10:00,2025-11-25 13:34,45.0,615.2966667,605.63,27688.35,-435.0,-137.5508057,-1.571057864,sr1 Capital Protection,,0.0,0.0,0.0,br8.1 Daily STL Break,Rebound from the 21e and a break of a daily STL. Swing Trader Idea generation. Starting a 2.5% position as I'm very cold at the moment. RS is strong on the stock,,0.0
202511-029,AMKR,CLOSED,2025-11-25 08:25,2025-12-16 08:33,2129.0,38.79144904,42.87640864,82586.995,8696.879,4975.109918,10.53056719,,,0.0,0.0,0.0,br3.1 Reclaim 21e,Showing RS with green signal. Above the 21e. Using the 10W as my stop. Hasn't closed below it since the uptrend. ,,0.0
202511-030,TQQQ,CLOSED,2025-11-25 09:30,2025-12-15 08:29,2412.0,54.21860697,52.82,130775.28,-3373.44,-3373.440736,-2.579570084,,,0.0,0.0,0.0,br3.1 Reclaim 21e,,,0.0
202511-031,SPXL,CLOSED,2025-11-25 09:35,2025-12-16 12:56,270.0,216.1927,217.7566444,58372.029,422.265,375.4994935,0.723402985,,,0.0,0.0,0.0,br3.1 Reclaim 21e,SPY reclaims the 21e. Rotation to RSP ,,0.0
202511-032,WDC,CLOSED,2025-11-25 09:40,2025-12-15 14:41,239.0,156.6799582,172.044,37446.51,3672.006,4698.749125,9.806003283,,,0.0,0.0,0.0,br3.1 Reclaim 21e,Reclaim of the 21e. Showing RS in downturn. Hot group,,0.0
202511-033,AMD,CLOSED,2025-11-25 12:40,2025-12-11 08:30,173.0,214.5657717,215.31,37119.8785,128.7515,75.1215,0.346853237,,,0.0,0.0,0.0,ns No Setup,Just conviction and no chart setup,,0.0
202511-034,NVDA,CLOSED,2025-11-25 22:16,2025-12-11 08:30,212.0,178.3715264,179.521,37814.7636,243.6884,71.75782334,0.644426612,,,0.0,0.0,0.0,ns No Setup,Just conviction buy. Stock chart doesn't look great,,0.0
202511-035,SOFI,CLOSED,2025-11-26 12:01,2025-12-09 13:20,1500.0,28.5569,26.8865,42835.35,-2505.6,-2590.350114,-5.849374407,,,0.0,0.0,0.0,br3.2 Reclaim 50s,Adding here using the 10W reclaim. a Flush and a powerful reclaim. RS is green on the weekly chart,,0.0
202511-036,HOOD,CLOSED,2025-11-26 12:27,2025-12-15 08:47,493.0,130.3305116,117.436,64252.9422,-6356.9942,-5339.4422,-9.893701335,,,0.0,0.0,0.0,br10.8 Add: Generic Scale-In,On HOOD news DB entry,,0.0
202511-037,FIX,CLOSED,2025-11-26 12:57,2025-12-01 08:30,10.0,980.76,960.365,9807.6,-203.95,-210.5498291,-2.079509768,,,0.0,0.0,0.0,br3.1 Reclaim 21e,,,0.0
202511-038,GDX,CLOSED,2025-11-26 13:11,2025-12-02 09:41,465.0,79.48,80.575,36958.2,509.175,558.0001419,1.377705083,,,0.0,0.0,0.0,br3.1 Reclaim 21e,,,0.0
202511-039,CIEN,CLOSED,2025-11-26 13:12,2025-12-01 08:37,46.0,201.47,198.415,9267.62,-140.53,-152.2598315,-1.516354792,,,0.0,0.0,0.0,br8.1 Daily STL Break,Break of STL and RS above moving averages,,0.0
202511-040,PWR,CLOSED,2025-11-26 13:13,2025-11-26 13:13,20.0,457.31,459.669,9146.2,47.18,44.19978027,0.515842645,,,0.0,0.0,0.0,br3.1 Reclaim 21e,,,0.0
202511-041,CLS,CLOSED,2025-11-28 08:30,2025-12-01 08:32,56.0,338.6255,330.1,18963.028,-477.428,-89.90827344,-2.517678084,,,0.0,0.0,0.0,br10.8 Add: Generic Scale-In,,,0.0
202511-042,BE,CLOSED,2025-11-28 09:39,2025-12-01 10:07,89.0,105.51,101.595,9390.39,-348.435,-232.2986914,-3.710548763,,,0.0,0.0,0.0,br3.2 Reclaim 50s,Reclaims both the 50s and the 21e,,0.0
202512-001,CRDO,CLOSED,2025-12-02 09:19,2025-12-03 10:40,95.0,199.6834211,179.112,18969.925,-1954.285,-1797.392117,-10.30201754,,,0.0,0.0,0.0,br6.1 Gapper,Massive earnings gap. ,,0.0
202512-002,ALAB,CLOSED,2025-12-02 09:19,2025-12-02 11:28,53.0,177.195,151.27,9391.335,-1374.025,-162.4447412,-14.63077401,,,0.0,0.0,0.0,br8.1 Daily STL Break,,,0.0
202512-003,U,CLOSED,2025-12-02 09:19,2025-12-12 08:37,775.0,47.26819613,47.895,36632.852,485.773,-858.8521183,1.32605837,,,0.0,0.0,0.0,br1.2 Cup w Handle,,,0.0
202512-004,MDB,CLOSED,2025-12-02 12:20,2025-12-04 12:46,60.0,405.7242,397.16075,24343.452,-513.807,-444.2574836,-2.11065793,,,0.0,0.0,0.0,br6.1 Gapper,Monster earnings,,0.0
202512-005,GEV,CLOSED,2025-12-02 12:30,2025-12-03 10:40,32.0,604.75,584.09,19352.0,-661.12,-156.1601563,-3.416287722,,,0.0,0.0,0.0,br8.1 Daily STL Break,Monster earnings,,0.0
202512-006,NAIL,CLOSED,2025-12-03 11:14,2025-12-08 08:35,319.0,64.84145768,59.54680251,20684.425,-1688.995,-1270.084805,-8.165540014,,,0.0,0.0,0.0,br9.1 21e Strategy,,,0.0
202512-007,GOOGL,CLOSED,2025-12-03 13:55,2025-12-11 08:30,120.0,320.977,314.972,38517.24,-720.6,-281.0388281,-1.870850559,,,0.0,0.0,0.0,br3.1 Reclaim 21e,PB to the 8e. Mishandled GOOGL. Buying it again here. ,,0.0
202512-008,PLTR,CLOSED,2025-12-03 14:23,2025-12-17 10:17,172.0,179.1962093,182.475,30821.748,563.952,450.4324199,1.829721014,,,0.0,0.0,0.0,br1.4 Double Bottom,Db entry here on my biggest winners,,0.0
202512-009,SNDK,CLOSED,2025-12-04 08:31,2025-12-15 09:33,175.0,216.176,204.434,37830.8,-2054.85,-1749.301282,-5.431685293,,,0.0,0.0,0.0,br8.1 Daily STL Break,Break of daily stl. previous big leader,,0.0
202512-010,LLY,CLOSED,2025-12-04 08:31,2025-12-04 12:54,38.0,1024.41,1006.06,38927.58,-697.3,0.0,-1.791274978,,,0.0,0.0,0.0,br4.1 PB 21e,PB from 21e and rebounding ,,0.0
202512-011,RDDT,CLOSED,2025-12-04 08:31,2025-12-15 08:32,162.0,233.8583951,219.737,37885.06,-2287.666,-1470.700198,-6.038438371,,,0.0,0.0,0.0,br1.1 Consolidation,Nice consolidation breakout,,0.0
202512-012,APP,CLOSED,2025-12-04 11:08,2025-12-12 09:44,27.0,696.5160741,671.15,18805.934,-684.884,-697.8444614,-3.641850493,,,0.0,0.0,0.0,br1.1 Consolidation,Double bottom entry. buying late. missed the move ,,0.0
202512-013,GEV,CLOSED,2025-12-08 08:42,2025-12-17 10:17,108.0,654.1697222,663.0724352,70650.33,961.493,975.1308716,1.360917918,,,0.0,0.0,0.0,br8.1 Daily STL Break,Break of STL. 2nd try,,0.0
202512-014,ARKK,CLOSED,2025-12-09 11:47,2025-12-11 08:30,334.0,82.737,81.842,27634.158,-298.93,-102.5710249,-1.081740938,,,0.0,0.0,0.0,br3.1 Reclaim 21e,"Webby 3-day rule, RS not confirming ",,0.0
202512-015,ETHA,CLOSED,2025-12-09 14:31,2025-12-11 08:30,440.0,25.5,24.025,11220.0,-649.0,-587.3995972,-5.784313725,,,0.0,0.0,0.0,br3.1 Reclaim 21e,,,0.0
202512-016,LLY,CLOSED,2025-12-11 11:49,2025-12-17 10:43,35.0,1026.741714,1051.072,35935.96,851.56,1099.115684,2.369659806,,,0.0,0.0,0.0,br3.1 Reclaim 21e,Reclaim of 21e by LLY after multiple days pullback ,,0.0
202512-017,ASTS,CLOSED,2025-12-12 08:30,2025-12-12 12:24,702.0,83.207,82.67,58411.314,-376.974,0.0,-0.645378394,,,0.0,0.0,0.0,br1.1 Consolidation,Put wrong market buy order on IBKR,,0.0
202512-018,ASTS,CLOSED,2025-12-12 08:51,2025-12-12 09:44,100.0,83.16,81.338,8316.0,-182.2,0.0,-2.190957191,,,0.0,0.0,0.0,br1.1 Consolidation,anticipated buy point,,0.0
202512-019,ULTA,CLOSED,2025-12-12 08:51,2025-12-15 09:21,15.0,599.09,597.299,8986.35,-26.865,37.50040283,-0.298953413,,,0.0,0.0,0.0,br1.1 Consolidation,,,0.0
202512-020,TQQQ,CLOSED,2025-12-15 15:24,2025-12-15 09:26,225.0,53.727,51.93,12088.575,-404.325,0.0,-3.344687029,,,0.0,0.0,0.0,br7.1 TQQQ Strategy,,,0.0
202512-021,GOOGL,CLOSED,2025-12-15 14:16,2025-12-16 08:33,20.0,308.3755,304.62,6167.51,-75.11,-3.109975586,-1.217833453,,,0.0,0.0,0.0,br4.1 PB 21e,,,0.0
202512-022,TSLA,CLOSED,2025-12-16 08:49,2025-12-17 10:17,48.0,477.5675,479.79,22923.24,106.68,-1.032480469,0.46537924,,,0.0,0.0,0.0,br5.2 Upside Reversal,Upside reversal at consolidation area,,0.0
202512-023,GOOGL,CLOSED,2025-12-16 08:49,2025-12-16 12:56,75.0,309.1085,302.935,23183.1375,-463.0125,62.92573242,-1.99719516,,,0.0,0.0,0.0,br3.1 Reclaim 21e,Upside reversal at 21e,,0.0
202512-024,GDX,CLOSED,2025-12-16 12:56,2025-12-17 10:43,135.0,86.01,84.855,11611.35,-155.925,-148.4995056,-1.342867108,,,0.0,0.0,0.0,br1.1 Consolidation,,,0.0
202512-025,UPRO,CLOSED,2025-12-16 14:31,2025-12-17 10:17,102.0,114.545,112.0,11683.59,-259.59,-271.8302802,-2.221834214,,,0.0,0.0,0.0,br5.2 Upside Reversal,,,0.0
202512-026,WDC,CLOSED,2025-12-17 09:25,2025-12-17 10:17,88.0,177.83,170.4,15649.04,-653.84,0.0,-4.178147669,,,0.0,0.0,0.0,br1.3 Cup w/o Handle,,,0.0
202512-027,WDC,CLOSED,2025-12-18 11:26,2025-12-18 11:27,40.0,179.68,176.95,7187.2,-109.2,0.0,-1.519367765,sr1 Capital Protection,Testing the waters on MU earnings gap,0.0,0.0,0.0,br1.2 Cup w Handle,Testing the waters on MU earnings gap,This market is not ready for trading,0.0
202512-028,APP,CLOSED,2025-12-18 11:26,2025-12-18 11:27,9.0,701.92,690.02,6317.28,-107.1,0.0,-1.695349897,sr1 Capital Protection,Testing the waters on MU earnings gap ,0.0,0.0,0.0,br1.2 Cup w Handle,Testing the waters on MU earnings gap ,This market is not ready for trading,0.0
202512-029,SNDK,OPEN,2025-12-19 09:23,,50.0,240.49344,0.0,12024.672,-40.49000000000055,1679.3273286132808,13.965680965046538,sr1 Capital Protection,Shotgun as market attempt to recover ,0.0,0.0,0.0,br8.1 Daily STL Break,Shotgun as market attempt to recover ,Add buy not working,575.955
202512-030,XBI,CLOSED,2025-12-19 09:23,2025-12-24 08:45,46.0,122.7193,125.1,5645.0878,109.51219999999957,99.85217192382788,1.9399556548969803,sr3 Portfolio Management,Shotgun as market attempt to recover ,0.0,0.0,0.0,br4.1 PB 21e,Shotgun as market attempt to recover ,Reducing exposure. Stock is doing nothing wrong,575.955
202512-031,PLTR,CLOSED,2025-12-19 09:23,2025-12-30 15:31,59.0,193.3617237288136,186.02813559322033,11408.3417,-432.6817000000003,-185.5498718261724,-3.7926782995989705,sr1 Capital Protection,Shotgun as market attempt to recover ,0.0,0.0,0.0,br1.2 Cup w Handle,Shotgun as market attempt to recover ,Stopped out. RS below all moving averages ,575.955
202512-032,WDC,CLOSED,2025-12-19 09:23,2025-12-22 11:23,31.0,180.98,174.334,5610.38,-206.0259999999996,-102.6100568,-3.6722289755774047,sr1 Capital Protection,Shotgun as market attempt to recover ,0.0,0.0,0.0,br1.2 Cup w Handle,Shotgun as market attempt to recover ,Stopped out ,575.955
202512-033,MU,OPEN,2025-12-19 09:23,,41.0,271.3282926829269,0.0,11124.46,0.0,1673.6897497558602,15.045132525586505,,Shotgun as market attempt to recover ,0.0,0.0,0.0,br1.2 Cup w Handle,Shotgun as market attempt to recover ,,575.955
202512-034,AMKR,OPEN,2025-12-19 09:23,,536.0,41.0631921641791,0.0,22009.871,0.0,3787.8095725097664,17.209594606482547,,Shotgun as market attempt to recover ,0.0,0.0,0.0,br4.1 PB 21e,Shotgun as market attempt to recover ,,575.955
202512-035,TQQQ,CLOSED,2025-12-19 10:23,2026-01-02 09:05,623.0,53.795642054574635,52.152,33514.685,-1023.9889999999988,-1096.8800950622535,-3.055344246857754,sr8 TQQQ Strategy Exit,Market rebounded and reclaiming the 21e,0.0,0.0,0.0,br3.1 Reclaim 21e,Market rebounded and reclaiming the 21e,Sell signal triggered. ,575.955
202512-036,ASTS,CLOSED,2025-12-19 10:23,2025-12-26 08:34,274.0,78.89453248175182,77.04691605839416,21617.1019,-506.2469000000012,-195.7546404785171,-2.341881452665962,sr4 Change of Character,RKLB is the leader but out of position and wild ,0.0,0.0,0.0,br1.4 Double Bottom,RKLB is the leader but out of position and wild ,Round trip from more than 10% gain,575.955
202512-037,UPRO,CLOSED,2025-12-19 10:32,2026-01-02 09:05,271.0,115.708,115.265,31356.868,-120.0529999999994,-88.88874432372904,-0.3828603035226586,sr8 TQQQ Strategy Exit,Market is rebounding here. Increasing exposure. ,0.0,0.0,0.0,br3.1 Reclaim 21e,Market is rebounding here. Increasing exposure. ,Sell signal triggered. ,575.955
202512-038,TER,OPEN,2025-12-19 12:27,,55.0,195.41,0.0,10747.55,0.0,1324.9500000000007,12.327925899391031,,Initial pilot trades are working today. Adding more,0.0,0.0,0.0,br4.1 PB 21e,Initial pilot trades are working today. Adding more,,575.955
202512-039,GEV,OPEN,2025-12-19 12:27,,31.0,667.0048709677419,0.0,20677.151,0.0,429.50854589843584,2.077213373827157,,Initial pilot trades are working today. Adding more,0.0,0.0,0.0,br4.1 PB 21e,Initial pilot trades are working today. Adding more,,575.955
202512-040,TSLA,CLOSED,2025-12-22 08:50,2025-12-22 08:50,73.0,494.43,486.148,36093.39,-604.586,-206.224198,-1.67506017,sr1 Capital Protection,Trying TSLA here with a defined risk. ,0.0,0.0,0.0,br1.3 Cup w/o Handle,Trying TSLA here with a defined risk. ,Bloomberg negative news ,575.955
202512-041,GOOGL,OPEN,2025-12-22 10:25,,39.0,308.87,0.0,12045.93,0.0,299.13033325195283,2.483248144825288,,Nice consolidation and reclaim of 21e,0.0,0.0,0.0,br4.1 PB 21e,Nice consolidation and reclaim of 21e,,575.955
202512-042,TSLA,CLOSED,2025-12-22 11:09,2025-12-26 09:10,30.0,493.89,475.1405,14816.7,-562.4850000000004,-354.9000732421882,-3.7962906720119887,sr9 Breakout Failure,Retrying TSLA after being stopped out initially ,0.0,0.0,0.0,br1.3 Cup w/o Handle,Retrying TSLA after being stopped out initially ,Stopped out again on BO Failure,575.955
202512-043,BETA,CLOSED,2025-12-23 14:35,2025-12-24 08:45,245.0,31.77,30.366,7783.65,-343.97999999999996,-316.0744117736813,-4.419263456090651,sr1 Capital Protection,IPO. Inpulse buy really based on Greg Morton video I happened to watch. Not great,0.0,0.0,0.0,br1.5 IPO Base,IPO. Inpulse buy really based on Greg Morton video I happened to watch. Not great,Just not working. reducing exposure. ,579.4488500000001
202512-044,NVDA,OPEN,2025-12-23 14:43,,98.0,186.59055,0.0,18285.8739,0.0,149.88562148437632,0.8196798375842258,,NVDA reclaims 50s after break of STL,0.0,0.0,0.0,br3.2 Reclaim 50s,NVDA reclaims 50s after break of STL,,1158.8977
202512-045,RKLB,CLOSED,2025-12-24 11:53,2025-12-26 08:44,160.0,76.12,72.48,12179.2,-582.4000000000001,-318.4004394531257,-4.781923279033106,sr1 Capital Protection,Buying the leader on a pullback,0.0,0.0,0.0,br1.2 Cup w Handle,Buying the leader on a pullback,Stopped out. Nasty reversal ,584.8950750000001
202512-046,ASTS,OPEN,2025-12-29 09:04,,174.0,76.68195862068966,0.0,13342.6608,0.0,2477.4188813964847,18.56765242354422,,RS looks strong on both daily and weekly charts ,0.0,0.0,0.0,br4.3 PB 10w,RS looks strong on both daily and weekly charts ,,574.4782000000001
202512-047,RKLB,CLOSED,2025-12-29 09:07,2025-12-31 15:45,213.0,71.91892018779342,69.221,15318.73,-574.656999999999,-312.8806500244136,-3.751335783057728,sr1 Capital Protection,PB to 8e. Retrying here based on RS being so strong ,0.0,0.0,0.0,ns No Setup,PB to 8e. Retrying here based on RS being so strong ,Stopped Out on General Market Selloff to end year,574.4782000000001
202512-048,RDDT,OPEN,2025-12-29 12:58,,87.0,237.99241379310345,0.0,20705.34,0.0,527.0102655029295,2.545286701415816,,Buying this cup. Strong RS on red tape across the board ,0.0,0.0,0.0,br1.2 Cup w Handle,Buying this cup. Strong RS on red tape across the board ,,574.4782000000001
202601-001,RKLB,CLOSED,2026-01-02 08:38,2026-01-02 09:05,156.0,70.63000000000001,68.43,11018.28,-343.1999999999982,0.0,-3.114823729293485,sr1 Capital Protection,Retrying this here on the 1st day of trading ,0.0,0.0,0.0,br1.2 Cup w Handle,Retrying this here on the 1st day of trading ,Stopped out ,335.74978500000014
202601-002,RKLB,OPEN,2026-01-02 09:05,,74.0,71.71,0.0,5306.54,0.0,475.8199548339844,8.966670463880126,,Upside reversal after selling ,0.0,0.0,0.0,br5.2 Upside Reversal,Upside reversal after selling ,,559.5829750000001
202601-003,BE,OPEN,2026-01-02 09:05,,81.0,95.19,0.0,7710.389999999999,0.0,703.0802224731451,9.118607780840465,,Break of STL on the daily chart,0.0,0.0,0.0,br8.1 Daily STL Break,Break of STL on the daily chart,,559.5829750000001
202601-004,FIGR,OPEN,2026-01-02 09:05,,284.0,44.738028,0.0,12705.599952,0.0,2408.880394679687,18.959202271282773,,Break of STL,0.0,0.0,0.0,br8.1 Daily STL Break,Break of STL,,335.74978500000014
202601-005,ALAB,OPEN,2025-12-30 13:19,,72.0,177.14999999999998,0.0,12754.8,-744.0120000000011,-722.8799560546868,-5.667513062178057,sr1 Capital Protection,Strong RS. Sell off day,0.0,0.0,0.0,br1.4 Double Bottom,Strong RS. Sell off day,Stopped out after failed BO,559.5829750000001
202601-006,LITE,OPEN,2026-01-05 12:34,,16.0,355.2,0.0,5683.2,0.0,29.599804687500182,0.5208298966691333,,Buying this pb to the 21e. wider stop. ,0.0,0.0,0.0,br3.1 Reclaim 21e,Buying this pb to the 21e. wider stop. ,,580.4773000000001
202601-007,FIX,OPEN,2026-01-05 12:34,,11.0,1042.57,0.0,11468.27,0.0,-112.85935546875044,-0.9841009626451979,,Nice breakout. Small position. ,0.0,0.0,0.0,br1.1 Consolidation,Nice breakout. Small position. ,,1160.9546
202601-008,ZETA,OPEN,2026-01-05 22:21,,317.0,21.81,0.0,6913.7699999999995,0.0,-44.37997581481886,-0.6419070321231233,, Break of STL. missed earlier buy signal. ,0.0,0.0,0.0,br8.1 Daily STL Break, Break of STL. missed earlier buy signal. ,,1194.2798
